Name,Hex (24 bit),Red (8 bit),Green (8 bit),Blue (8 bit),Hue (degrees),HSL.S (%),"HSL.L (%), HSV.S (%), HSV.V (%)",HSV.V (%),HSV.S (%),HSL.L (%)
Absolute zero,#0048BA,0.0,72.0,186.0,217.0,100.0,37.0,,,
Acid green,#B0BF1A,176.0,191.0,26.0,65.0,76.0,43.0,,,
Aero,#7CB9E8,124.0,185.0,232.0,206.0,70.0,70.0,,,
Aero blue,#C9FFE5,201.0,255.0,229.0,151.0,100.0,89.0,,,
African violet,#B284BE,178.0,,190.0,288.0,31.0,63.0,,,
Air Force blue (RAF),#5D8AA8,93.0,138.0,168.0,204.0,30.0,51.0,,,
Air Force blue (USAF),#00308F,0.0,48.0,143.0,220.0,100.0,28.0,,,
Air superiority blue,#72A0C1,114.0,160.0,193.0,205.0,39.0,60.0,,,
Alabama crimson,#AF002A,175.0,0.0,42.0,346.0,100.0,34.0,,,
Alabaster,#F2F0E6,242.0,240.0,230.0,346.0,32.0,93.0,,,
Alice blue,#F0F8FF,240.0,248.0,255.0,208.0,100.0,97.0,,,
Alien Armpit,#84DE02,132.0,222.0,2.0,85.0,98.0,44.0,,,
Alizarin crimson,#E32636,227.0,38.0,54.0,355.0,77.0,52.0,,,
Alloy orange,#C46210,196.0,98.0,16.0,27.0,85.0,42.0,,,
Almond,#EFDECD,239.0,222.0,205.0,30.0,52.0,87.0,,,
Amaranth,#E52B50,229.0,43.0,80.0,348.0,78.0,53.0,,,
Amaranth deep purple,#9F2B68,159.0,43.0,104.0,328.0,57.0,40.0,,,
Amaranth pink,#F19CBB,241.0,156.0,187.0,338.0,75.0,78.0,,,
Amaranth purple,#AB274F,171.0,39.0,79.0,342.0,63.0,41.0,,,
Amaranth red,#D3212D,211.0,33.0,45.0,356.0,73.0,48.0,,,
Amazon,#3B7A57,59.0,122.0,87.0,147.0,35.0,35.0,,,
Amazonite,#00C4B0,0.0,196.0,176.0,356.0,100.0,38.0,,,
Amber,#FFBF00,255.0,191.0,0.0,45.0,100.0,50.0,,,
Amber (SAE/ECE),#FF7E00,255.0,126.0,0.0,30.0,100.0,50.0,,,
American rose,#FF033E,255.0,3.0,62.0,346.0,100.0,51.0,,,
Amethyst,#9966CC,153.0,102.0,204.0,270.0,50.0,60.0,,,
Android green,#A4C639,164.0,198.0,57.0,74.0,55.0,50.0,,,
Anti-flash white,#F2F3F4,242.0,243.0,244.0,210.0,8.0,95.0,,,
Antique brass,#CD9575,205.0,149.0,117.0,22.0,47.0,63.0,,,
Antique bronze,#665D1E,102.0,93.0,30.0,53.0,55.0,26.0,,,
Antique fuchsia,#915C83,145.0,92.0,131.0,316.0,22.0,46.0,,,
Antique ruby,#841B2D,132.0,27.0,45.0,350.0,66.0,31.0,,,
Antique white,#FAEBD7,250.0,235.0,215.0,34.0,78.0,91.0,,,
Ao (English),#008000,0.0,128.0,0.0,120.0,100.0,25.0,,,
Apple green,#8DB600,141.0,182.0,0.0,74.0,100.0,36.0,,,
Apricot,#FBCEB1,251.0,206.0,177.0,24.0,90.0,84.0,,,
Aqua,#00FFFF,0.0,255.0,255.0,180.0,100.0,50.0,,,
Aquamarine,#7FFFD4,127.0,255.0,212.0,160.0,100.0,75.0,,,
Arctic lime,#D0FF14,208.0,255.0,20.0,72.0,100.0,54.0,,,
Army green,#4B5320,75.0,83.0,32.0,69.0,44.0,23.0,,,
Arsenic,#3B444B,59.0,68.0,75.0,206.0,12.0,26.0,,,
Artichoke,#8F9779,143.0,151.0,121.0,76.0,13.0,53.0,,,
Arylide yellow,#E9D66B,233.0,214.0,107.0,51.0,74.0,67.0,,,
Ash grey,#B2BEB5,178.0,190.0,181.0,135.0,8.0,72.0,,,
Asparagus,#87A96B,135.0,169.0,107.0,93.0,26.0,54.0,,,
Atomic tangerine,#FF9966,255.0,153.0,102.0,20.0,100.0,70.0,,,
Auburn,#A52A2A,165.0,42.0,42.0,0.0,59.0,41.0,,,
Aureolin,#FDEE00,253.0,238.0,0.0,56.0,100.0,50.0,,,
AuroMetalSaurus,#6E7F80,110.0,127.0,128.0,183.0,8.0,47.0,,,
Avocado,#568203,86.0,130.0,3.0,81.0,95.0,26.0,,,
Awesome,#FF2052,255.0,32.0,82.0,81.0,95.0,56.0,,,
Aztec Gold,#C39953,195.0,153.0,83.0,38.0,48.0,55.0,,,
Azure,#007FFF,0.0,127.0,255.0,210.0,100.0,50.0,,,
Azure (web color),#F0FFFF,240.0,255.0,255.0,180.0,100.0,97.0,,,
Azure mist,#F0FFFF,240.0,255.0,255.0,180.0,100.0,97.0,,,
Azureish white,#DBE9F4,219.0,233.0,244.0,206.0,53.0,91.0,,,
Baby blue,#89CFF0,137.0,207.0,240.0,199.0,77.0,74.0,,,
Baby blue eyes,#A1CAF1,161.0,202.0,241.0,209.0,74.0,79.0,,,
Baby pink,#F4C2C2,244.0,194.0,194.0,0.0,69.0,86.0,,,
Baby powder,#FEFEFA,254.0,254.0,250.0,60.0,67.0,99.0,,,
Baker-Miller pink,#FF91AF,255.0,145.0,175.0,344.0,100.0,78.0,,,
Ball blue,#21ABCD,33.0,171.0,205.0,192.0,72.0,47.0,,,
Banana Mania,#FAE7B5,250.0,231.0,181.0,43.0,87.0,85.0,,,
Banana yellow,#FFE135,255.0,225.0,53.0,51.0,100.0,60.0,,,
Bangladesh green,#006A4E,0.0,106.0,78.0,164.0,100.0,21.0,,,
Barbie pink,#E0218A,224.0,33.0,138.0,327.0,75.0,50.0,,,
Barn red,#7C0A02,124.0,10.0,2.0,4.0,97.0,25.0,,,
Battery Charged Blue,#1DACD6,29.0,172.0,214.0,194.0,76.0,48.0,,,
Battleship grey,#848482,132.0,132.0,130.0,60.0,1.0,51.0,,,
Bazaar,#98777B,152.0,119.0,123.0,353.0,14.0,53.0,,,
Beau blue,#BCD4E6,188.0,212.0,230.0,206.0,46.0,82.0,,,
Beaver,#9F8170,159.0,129.0,112.0,22.0,20.0,53.0,,,
Begonia,#FA6E79,250.0,,121.0,355.0,93.0,71.0,,,
Beige,#F5F5DC,245.0,245.0,220.0,60.0,56.0,91.0,,,
B'dazzled blue,#2E5894,46.0,88.0,148.0,215.0,53.0,38.0,,,
Big dip o’ruby,#9C2542,156.0,37.0,66.0,345.0,62.0,38.0,,,
Big Foot Feet,#E88E5A,232.0,142.0,90.0,22.0,76.0,63.0,,,
Bisque,#FFE4C4,255.0,228.0,196.0,33.0,100.0,88.0,,,
Bistre,#3D2B1F,61.0,43.0,31.0,24.0,33.0,18.0,,,
Bistre brown,#967117,150.0,113.0,23.0,43.0,73.0,34.0,,,
Bitter lemon,#CAE00D,202.0,224.0,13.0,66.0,89.0,46.0,,,
Bitter lime,#BFFF00,191.0,255.0,0.0,75.0,100.0,50.0,,,
Bittersweet,#FE6F5E,254.0,111.0,94.0,6.0,99.0,68.0,,,
Bittersweet shimmer,#BF4F51,191.0,79.0,81.0,359.0,47.0,53.0,,,
Black,#000000,0.0,0.0,0.0,0.0,0.0,0.0,,,
Black bean,#3D0C02,61.0,12.0,2.0,10.0,94.0,12.0,,,
Black Coral,#54626F,84.0,98.0,111.0,209.0,14.0,38.0,,,
Black leather jacket,#253529,37.0,53.0,41.0,135.0,18.0,18.0,,,
Black olive,#3B3C36,59.0,60.0,54.0,70.0,5.0,22.0,,,
Black Shadows,#BFAFB2,191.0,175.0,178.0,349.0,11.0,72.0,,,
Blanched almond,#FFEBCD,255.0,235.0,205.0,36.0,100.0,90.0,,,
Blast-off bronze,#A57164,165.0,113.0,100.0,12.0,27.0,52.0,,,
Bleu de France,#318CE7,49.0,140.0,231.0,210.0,79.0,55.0,,,
Blizzard Blue,#ACE5EE,172.0,229.0,238.0,188.0,66.0,80.0,,,
Blond,#FAF0BE,250.0,240.0,190.0,50.0,86.0,86.0,,,
Blue,#0000FF,0.0,0.0,255.0,240.0,100.0,50.0,,,
Blue (Crayola),#1F75FE,31.0,117.0,254.0,217.0,99.0,56.0,,,
Blue (Munsell),#0093AF,0.0,147.0,175.0,190.0,100.0,34.0,,,
Blue (NCS),#0087BD,0.0,135.0,189.0,197.0,100.0,37.0,,,
Blue (Pantone),#0018A8,0.0,24.0,168.0,231.0,100.0,33.0,,,
Blue (pigment),#333399,51.0,51.0,153.0,240.0,50.0,40.0,,,
Blue (RYB),#0247FE,2.0,71.0,254.0,224.0,99.0,50.0,,,
Blue Bell,#A2A2D0,162.0,162.0,208.0,240.0,33.0,73.0,,,
Blue Bolt,#00B9FB,0.0,185.0,251.0,196.0,100.0,49.0,,,
Blue-gray,#6699CC,102.0,153.0,204.0,210.0,50.0,60.0,,,
Blue-green,#0D98BA,13.0,152.0,186.0,192.0,87.0,39.0,,,
Blue Jeans,#5DADEC,93.0,173.0,236.0,206.0,79.0,65.0,,,
Blue Lagoon,#ACE5EE,172.0,229.0,238.0,188.0,66.0,80.0,,,
Blue-magenta violet,#553592,85.0,53.0,146.0,261.0,47.0,39.0,,,
Blue sapphire,#126180,18.0,97.0,128.0,197.0,75.0,29.0,,,
Blue-violet,#8A2BE2,138.0,43.0,226.0,271.0,76.0,53.0,,,
Blue yonder,#5072A7,80.0,114.0,167.0,217.0,35.0,48.0,,,
Blueberry,#4F86F7,79.0,134.0,247.0,220.0,91.0,64.0,,,
Bluebonnet,#1C1CF0,28.0,28.0,240.0,240.0,88.0,53.0,,,
Blush,#DE5D83,222.0,93.0,131.0,342.0,66.0,62.0,,,
Bole,#79443B,121.0,68.0,59.0,9.0,34.0,35.0,,,
Bondi blue,#0095B6,0.0,149.0,182.0,191.0,100.0,36.0,,,
Bone,#E3DAC9,227.0,218.0,201.0,39.0,32.0,84.0,,,
Booger Buster,#DDE26A,221.0,226.0,106.0,63.0,67.0,65.0,,,
Boston University Red,#CC0000,204.0,0.0,0.0,0.0,100.0,40.0,,,
Bottle green,#006A4E,0.0,106.0,78.0,164.0,100.0,21.0,,,
Boysenberry,#873260,135.0,50.0,96.0,328.0,46.0,36.0,,,
Brandeis blue,#0070FF,0.0,112.0,255.0,214.0,100.0,50.0,,,
Brass,#B5A642,181.0,166.0,66.0,52.0,47.0,48.0,,,
Brick red,#CB4154,203.0,65.0,84.0,352.0,57.0,53.0,,,
Bright cerulean,#1DACD6,29.0,172.0,214.0,194.0,76.0,48.0,,,
Bright green,#66FF00,102.0,255.0,0.0,96.0,100.0,50.0,,,
Bright lavender,#BF94E4,191.0,148.0,228.0,272.0,60.0,74.0,,,
Bright lilac,#D891EF,216.0,145.0,239.0,285.0,75.0,75.0,,,
Bright maroon,#C32148,195.0,33.0,72.0,346.0,71.0,45.0,,,
Bright navy blue,#1974D2,25.0,116.0,210.0,210.0,79.0,46.0,,,
Bright pink,#FF007F,255.0,0.0,127.0,330.0,100.0,50.0,,,
Bright turquoise,#08E8DE,8.0,232.0,222.0,177.0,93.0,47.0,,,
Bright ube,#D19FE8,209.0,159.0,232.0,281.0,61.0,77.0,,,
Bright Yellow (Crayola),#FFAA1D,255.0,170.0,29.0,37.0,100.0,56.0,,,
Brilliant azure,#3399FF,51.0,153.0,255.0,210.0,100.0,60.0,,,
Brilliant lavender,#F4BBFF,244.0,187.0,255.0,290.0,100.0,87.0,,,
Brilliant rose,#FF55A3,255.0,85.0,163.0,,100.0,67.0,,,
Brink pink,#FB607F,251.0,96.0,127.0,348.0,95.0,68.0,,,
British racing green,#004225,0.0,66.0,37.0,154.0,100.0,13.0,,,
Bronze,#CD7F32,205.0,127.0,50.0,30.0,61.0,50.0,,,
Bronze Yellow,#737000,115.0,112.0,0.0,58.0,100.0,23.0,,,
Brown (traditional),#964B00,150.0,75.0,0.0,30.0,100.0,29.0,,,
Brown (web),#A52A2A,165.0,42.0,42.0,0.0,59.0,41.0,,,
Brown-nose,#6B4423,107.0,68.0,35.0,28.0,51.0,28.0,,,
Brown Sugar,#AF6E4D,175.0,110.0,77.0,20.0,39.0,49.0,,,
Brown Yellow,#cc9966,204.0,153.0,102.0,30.0,50.0,60.0,,,
Brunswick green,#1B4D3E,27.0,77.0,62.0,162.0,48.0,20.0,,,
Bubble gum,#FFC1CC,255.0,193.0,204.0,349.0,100.0,88.0,,,
Bubbles,#E7FEFF,231.0,254.0,255.0,183.0,100.0,95.0,,,
Bud green,#7BB661,123.0,182.0,97.0,102.0,37.0,55.0,,,
Buff,#F0DC82,240.0,220.0,130.0,49.0,79.0,73.0,,,
Bulgarian rose,#480607,72.0,6.0,7.0,359.0,85.0,15.0,,,
Burgundy,#800020,128.0,0.0,32.0,345.0,100.0,25.0,,,
Burlywood,#DEB887,222.0,184.0,135.0,34.0,57.0,70.0,,,
Burnished Brown,#A17A74,161.0,122.0,116.0,8.0,19.0,54.0,,,
Burnt orange,#CC5500,204.0,85.0,0.0,25.0,100.0,40.0,,,
Burnt sienna,#E97451,233.0,116.0,81.0,14.0,78.0,62.0,,,
Burnt umber,#8A3324,138.0,51.0,36.0,9.0,59.0,34.0,,,
Byzantine,#BD33A4,189.0,51.0,164.0,311.0,58.0,47.0,,,
Byzantium,#702963,112.0,41.0,99.0,311.0,46.0,30.0,,,
Cadet,#536872,83.0,104.0,114.0,199.0,16.0,39.0,,,
Cadet blue,#5F9EA0,95.0,158.0,160.0,182.0,25.0,50.0,,,
Cadet grey,#91A3B0,145.0,163.0,176.0,205.0,16.0,63.0,,,
Cadmium green,#006B3C,0.0,107.0,60.0,154.0,100.0,21.0,,,
Cadmium orange,#ED872D,237.0,135.0,45.0,28.0,84.0,55.0,,,
Cadmium red,#E30022,227.0,0.0,34.0,351.0,100.0,45.0,,,
Cadmium yellow,#FFF600,255.0,246.0,0.0,58.0,100.0,50.0,,,
Café au lait,#A67B5B,166.0,123.0,91.0,26.0,30.0,50.0,,,
Café noir,#4B3621,75.0,54.0,33.0,30.0,39.0,21.0,,,
Cal Poly Pomona green,#1E4D2B,30.0,77.0,43.0,137.0,44.0,21.0,,,
Cambridge Blue,#A3C1AD,163.0,193.0,173.0,140.0,19.0,70.0,,,
Camel,#C19A6B,193.0,154.0,107.0,33.0,41.0,59.0,,,
Cameo pink,#EFBBCC,239.0,187.0,204.0,340.0,62.0,84.0,,,
Camouflage green,#78866B,120.0,134.0,107.0,91.0,11.0,47.0,,,
Canary,#FFFF99,255.0,255.0,153.0,60.0,100.0,80.0,,,
Canary yellow,#FFEF00,255.0,239.0,0.0,56.0,100.0,50.0,,,
Candy apple red,#FF0800,255.0,8.0,0.0,2.0,100.0,50.0,,,
Candy pink,#E4717A,228.0,113.0,122.0,355.0,68.0,67.0,,,
Capri,#00BFFF,0.0,191.0,255.0,195.0,100.0,50.0,,,
Caput mortuum,#592720,89.0,39.0,32.0,7.0,47.0,24.0,,,
Cardinal,#C41E3A,196.0,30.0,58.0,350.0,73.0,44.0,,,
Caribbean green,#00CC99,0.0,204.0,153.0,165.0,100.0,40.0,,,
Carmine,#960018,150.0,0.0,24.0,350.0,100.0,29.0,,,
Carmine (M&P),#D70040,215.0,0.0,64.0,342.0,100.0,42.0,,,
Carmine pink,#EB4C42,235.0,76.0,66.0,4.0,81.0,59.0,,,
Carmine red,#FF0038,255.0,0.0,56.0,347.0,100.0,50.0,,,
Carnation pink,#FFA6C9,255.0,166.0,201.0,336.0,100.0,83.0,,,
Carnelian,#B31B1B,179.0,27.0,27.0,0.0,74.0,40.0,,,
Carolina blue,#56A0D3,86.0,160.0,211.0,204.0,59.0,58.0,,,
Carrot orange,#ED9121,237.0,145.0,33.0,33.0,85.0,53.0,,,
Castleton green,#00563F,0.0,86.0,63.0,164.0,100.0,17.0,,,
Catalina blue,#062A78,6.0,42.0,120.0,221.0,90.0,25.0,,,
Catawba,#703642,112.0,54.0,66.0,348.0,35.0,33.0,,,
Cedar Chest,#C95A49,201.0,90.0,73.0,8.0,54.0,54.0,,,
Ceil,#92A1CF,146.0,161.0,207.0,225.0,39.0,69.0,,,
Celadon,#ACE1AF,172.0,225.0,175.0,123.0,47.0,78.0,,,
Celadon blue,#007BA7,0.0,123.0,167.0,196.0,100.0,33.0,,,
Celadon green,#2F847C,47.0,132.0,124.0,174.0,47.0,35.0,,,
Celeste,#B2FFFF,178.0,255.0,255.0,180.0,100.0,85.0,,,
Celestial blue,#4997D0,73.0,151.0,208.0,205.0,59.0,55.0,,,
Cerise,#DE3163,222.0,49.0,99.0,343.0,72.0,53.0,,,
Cerise pink,#EC3B83,236.0,59.0,131.0,336.0,82.0,58.0,,,
Cerulean,#007BA7,0.0,123.0,167.0,196.0,100.0,33.0,,,
Cerulean blue,#2A52BE,42.0,82.0,190.0,224.0,64.0,45.0,,,
Cerulean frost,#6D9BC3,109.0,155.0,195.0,208.0,42.0,60.0,,,
CG Blue,#007AA5,0.0,122.0,165.0,196.0,100.0,32.0,,,
CG Red,#E03C31,224.0,60.0,49.0,4.0,74.0,54.0,,,
Chamoisee,#A0785A,160.0,120.0,90.0,26.0,28.0,49.0,,,
Champagne,#F7E7CE,247.0,231.0,206.0,37.0,72.0,89.0,,,
Champagne pink,#F1DDCF,241.0,221.0,207.0,25.0,55.0,88.0,,,
Charcoal,#36454F,54.0,69.0,79.0,204.0,19.0,26.0,,,
Charleston green,#232B2B,35.0,43.0,43.0,180.0,10.0,15.0,,,
Charm pink,#E68FAC,230.0,143.0,172.0,340.0,64.0,73.0,,,
Chartreuse (traditional),#DFFF00,223.0,255.0,0.0,68.0,100.0,50.0,,,
Chartreuse (web),#7FFF00,127.0,255.0,0.0,90.0,100.0,50.0,,,
Cherry,#DE3163,222.0,49.0,99.0,343.0,72.0,53.0,,,
Cherry blossom pink,#FFB7C5,255.0,183.0,197.0,348.0,100.0,86.0,,,
Chestnut,#954535,149.0,69.0,53.0,10.0,48.0,40.0,,,
China pink,#DE6FA1,222.0,111.0,161.0,333.0,63.0,65.0,,,
China rose,#A8516E,,81.0,110.0,340.0,35.0,49.0,,,
Chinese red,#AA381E,170.0,56.0,30.0,11.0,70.0,39.0,,,
Chinese violet,#856088,133.0,96.0,136.0,296.0,17.0,45.0,,,
Chlorophyll green,#4AFF00,74.0,255.0,0.0,103.0,100.0,50.0,,,
Chocolate (traditional),#7B3F00,123.0,63.0,0.0,31.0,100.0,24.0,,,
Chocolate (web),#D2691E,210.0,105.0,30.0,25.0,75.0,47.0,,,
Chrome yellow,#FFA700,255.0,167.0,0.0,39.0,100.0,50.0,,,
Cinereous,#98817B,152.0,129.0,123.0,12.0,12.0,54.0,,,
Cinnabar,#E34234,227.0,66.0,52.0,5.0,76.0,55.0,,,
Cinnamon[citation needed],#D2691E,210.0,105.0,30.0,25.0,75.0,47.0,,,
Cinnamon Satin,#CD607E,205.0,96.0,126.0,343.0,52.0,59.0,,,
Citrine,#E4D00A,228.0,208.0,10.0,54.0,92.0,47.0,,,
Citron,#9FA91F,158.0,169.0,31.0,64.0,69.0,39.0,,,
Claret,#7F1734,127.0,23.0,52.0,343.0,69.0,29.0,,,
Classic rose,#FBCCE7,251.0,204.0,231.0,326.0,85.0,89.0,,,
Cobalt Blue,#0047AB,0.0,71.0,171.0,215.0,,34.0,,,
Cocoa brown,#D2691E,210.0,105.0,,25.0,75.0,47.0,,,
Coconut,#965A3E,150.0,90.0,62.0,19.0,42.0,42.0,,,
Coffee,#6F4E37,111.0,78.0,55.0,25.0,34.0,33.0,,,
Columbia Blue,#C4D8E2,196.0,216.0,226.0,200.0,34.0,83.0,,,
Congo pink,#F88379,248.0,131.0,121.0,5.0,90.0,72.0,,,
Cool Black,#002E63,0.0,46.0,99.0,212.0,100.0,19.0,,,
Cool grey,#8C92AC,140.0,146.0,172.0,229.0,16.0,61.0,,,
Copper,#B87333,184.0,115.0,51.0,29.0,57.0,46.0,,,
Copper (Crayola),#DA8A67,218.0,138.0,103.0,18.0,61.0,63.0,,,
Copper penny,#AD6F69,173.0,111.0,105.0,5.0,29.0,55.0,,,
Copper red,#CB6D51,203.0,109.0,81.0,14.0,54.0,56.0,,,
Copper rose,#996666,153.0,102.0,102.0,0.0,20.0,50.0,,,
Coquelicot,#FF3800,255.0,56.0,0.0,13.0,100.0,50.0,,,
Coral,#FF7F50,255.0,127.0,80.0,16.0,100.0,66.0,,,
Coral pink,#F88379,248.0,131.0,121.0,5.0,90.0,72.0,,,
Coral red,#FF4040,255.0,64.0,64.0,0.0,100.0,63.0,,,
Coral Reef,#FD7C6E,253.0,124.0,110.0,6.0,97.0,71.0,,,
Cordovan,#893F45,137.0,63.0,69.0,355.0,37.0,39.0,,,
Corn,#FBEC5D,251.0,236.0,93.0,54.0,95.0,67.0,,,
Cornell Red,#B31B1B,179.0,27.0,27.0,0.0,74.0,40.0,,,
Cornflower blue,#6495ED,100.0,149.0,237.0,219.0,79.0,66.0,,,
Cornsilk,#FFF8DC,255.0,248.0,220.0,48.0,100.0,93.0,,,
Cosmic Cobalt,#2E2D88,46.0,45.0,136.0,241.0,50.0,36.0,,,
Cosmic latte,#FFF8E7,255.0,248.0,231.0,43.0,100.0,95.0,,,
Coyote brown,#81613C,129.0,,60.0,62.0,37.0,37.0,,,
Cotton candy,#FFBCD9,255.0,188.0,217.0,334.0,100.0,87.0,,,
Cream,#FFFDD0,255.0,253.0,208.0,57.0,100.0,91.0,,,
Crimson,#DC143C,220.0,20.0,60.0,348.0,83.0,47.0,,,
Crimson glory,#BE0032,,0.0,50.0,344.0,100.0,37.0,,,
Crimson red,#990000,153.0,0.0,0.0,0.0,100.0,30.0,,,
Cultured,#F5F5F5,245.0,245.0,245.0,0.0,0.0,96.0,,,
Cyan,#00FFFF,0.0,255.0,255.0,180.0,100.0,50.0,,,
Cyan azure,#4E82B4,78.0,130.0,180.0,209.0,41.0,51.0,,,
Cyan-blue azure,#4682BF,70.0,130.0,191.0,210.0,49.0,51.0,,,
Cyan cobalt blue,#28589C,40.0,88.0,156.0,215.0,59.0,38.0,,,
Cyan cornflower blue,#188BC2,24.0,139.0,194.0,199.0,78.0,43.0,,,
Cyan (process),#00B7EB,0.0,183.0,235.0,193.0,100.0,46.0,,,
Cyber grape,#58427C,88.0,66.0,124.0,263.0,31.0,37.0,,,
Cyber yellow,#FFD300,255.0,,0.0,50.0,100.0,50.0,,,
Cyclamen,#F56FA1,245.0,111.0,161.0,0.0,87.0,70.0,,,
Daffodil,#FFFF31,255.0,255.0,,,100.0,60.0,,,
Dandelion,#F0E130,240.0,225.0,48.0,55.0,86.0,56.0,,,
Dark blue,#00008B,0.0,0.0,139.0,240.0,100.0,27.0,,,
Dark blue-gray,#666699,102.0,102.0,153.0,240.0,20.0,50.0,,,
Dark brown,#654321,101.0,67.0,33.0,30.0,51.0,26.0,,,
Dark brown-tangelo,#88654E,136.0,101.0,78.0,24.0,27.0,42.0,,,
Dark byzantium,#5D3954,93.0,57.0,84.0,315.0,24.0,29.0,,,
Dark candy apple red,#A40000,164.0,0.0,0.0,0.0,100.0,32.0,,,
Dark cerulean,#08457E,8.0,69.0,126.0,209.0,88.0,26.0,,,
Dark chestnut,#986960,152.0,105.0,96.0,10.0,23.0,49.0,,,
Dark coral,#CD5B45,205.0,91.0,69.0,10.0,58.0,54.0,,,
Dark cyan,#008B8B,0.0,139.0,139.0,180.0,100.0,27.0,,,
Dark electric blue,#536878,83.0,104.0,120.0,206.0,18.0,40.0,,,
Dark goldenrod,#B8860B,184.0,134.0,11.0,43.0,89.0,38.0,,,
Dark gray (X11),#A9A9A9,169.0,169.0,169.0,0.0,0.0,66.0,,,
Dark green,#013220,1.0,50.0,32.0,158.0,96.0,10.0,,,
Dark green (X11),#006400,0.0,100.0,0.0,120.0,100.0,20.0,,,
Dark gunmetal,#1F262A,31.0,38.0,42.0,202.0,15.0,14.0,,,
Dark imperial blue,#00416A,0.0,65.0,106.0,203.0,100.0,21.0,,,
Dark imperial blue,#00147E,0.0,20.0,126.0,183.0,100.0,25.0,,,
Dark jungle green,#1A2421,26.0,36.0,33.0,162.0,16.0,12.0,,,
Dark khaki,#BDB76B,189.0,183.0,107.0,56.0,38.0,58.0,,,
Dark lava,#483C32,72.0,60.0,50.0,27.0,18.0,24.0,,,
Dark lavender,#734F96,115.0,79.0,150.0,270.0,31.0,45.0,,,
Dark liver,#534B4F,,75.0,79.0,330.0,5.0,31.0,,,
Dark liver (horses),#543D37,84.0,61.0,55.0,12.0,21.0,27.0,,,
Dark magenta,#8B008B,139.0,0.0,139.0,300.0,100.0,27.0,,,
Dark medium gray,#A9A9A9,169.0,169.0,169.0,0.0,0.0,66.0,,,
Dark midnight blue,#003366,0.0,51.0,102.0,210.0,100.0,20.0,,,
Dark moss green,#4A5D23,74.0,93.0,35.0,80.0,45.0,25.0,,,
Dark olive green,#556B2F,85.0,107.0,47.0,82.0,39.0,30.0,,,
Dark orange,#FF8C00,255.0,140.0,0.0,33.0,100.0,50.0,,,
Dark orchid,#9932CC,153.0,50.0,204.0,280.0,61.0,50.0,,,
Dark pastel blue,#779ECB,119.0,158.0,203.0,212.0,45.0,63.0,,,
Dark pastel green,#03C03C,3.0,192.0,60.0,138.0,97.0,38.0,,,
Dark pastel purple,#966FD6,150.0,111.0,214.0,263.0,56.0,64.0,,,
Dark pastel red,#C23B22,194.0,59.0,34.0,9.0,70.0,45.0,,,
Dark pink,#E75480,231.0,84.0,128.0,342.0,75.0,62.0,,,
Dark powder blue,#003399,0.0,51.0,153.0,220.0,100.0,30.0,,,
Dark puce,#4F3A3C,79.0,58.0,60.0,354.0,15.0,27.0,,,
Dark purple,#301934,48.0,25.0,52.0,291.0,35.0,15.0,,,
Dark raspberry,#872657,135.0,38.0,87.0,330.0,56.0,34.0,,,
Dark red,#8B0000,139.0,0.0,0.0,0.0,100.0,27.0,,,
Dark salmon,#E9967A,233.0,150.0,122.0,15.0,72.0,70.0,,,
Dark scarlet,#560319,86.0,3.0,25.0,344.0,93.0,17.0,,,
Dark sea green,#8FBC8F,143.0,188.0,,120.0,25.0,65.0,,,
Dark sienna,#3C1414,60.0,20.0,20.0,0.0,50.0,16.0,,,
Dark sky blue,#8CBED6,140.0,190.0,214.0,199.0,47.0,69.0,,,
Dark slate blue,#483D8B,72.0,61.0,139.0,248.0,39.0,39.0,,,
Dark slate gray,#2F4F4F,47.0,79.0,79.0,180.0,25.0,25.0,,,
Dark spring green,#177245,23.0,114.0,69.0,150.0,66.0,27.0,,,
Dark tan,#918151,145.0,129.0,81.0,45.0,28.0,44.0,,,
Dark tangerine,#FFA812,255.0,168.0,18.0,38.0,100.0,54.0,,,
Dark taupe,#483C32,72.0,60.0,50.0,27.0,18.0,24.0,,,
Dark terra cotta,#CC4E5C,204.0,78.0,92.0,353.0,55.0,55.0,,,
Dark turquoise,#00CED1,0.0,206.0,209.0,181.0,100.0,41.0,,,
Dark vanilla,#D1BEA8,209.0,190.0,168.0,32.0,31.0,74.0,,,
Dark violet,#9400D3,148.0,0.0,211.0,282.0,100.0,41.0,,,
Dark yellow,#9B870C,155.0,135.0,12.0,52.0,86.0,33.0,,,
Dartmouth green,#00703C,0.0,112.0,60.0,152.0,100.0,22.0,,,
Davy's grey,#555555,85.0,85.0,85.0,0.0,0.0,33.0,,,
Debian red,#D70A53,215.0,10.0,83.0,339.0,91.0,44.0,,,
Deep aquamarine,#40826D,64.0,130.0,109.0,161.0,34.0,38.0,,,
Deep carmine,#A9203E,169.0,32.0,62.0,347.0,68.0,39.0,,,
Deep carmine pink,#EF3038,239.0,48.0,56.0,357.0,86.0,56.0,,,
Deep carrot orange,#E9692C,233.0,105.0,44.0,19.0,81.0,54.0,,,
Deep cerise,#DA3287,218.0,50.0,135.0,330.0,69.0,53.0,,,
Deep champagne,#FAD6A5,250.0,214.0,165.0,35.0,90.0,81.0,,,
Deep chestnut,#B94E48,185.0,78.0,72.0,3.0,45.0,50.0,,,
Deep coffee,#704241,112.0,66.0,65.0,1.0,27.0,35.0,,,
Deep fuchsia,#C154C1,193.0,84.0,193.0,300.0,47.0,54.0,,,
Deep Green,#056608,5.0,102.0,8.0,122.0,91.0,21.0,,,
Deep green-cyan turquoise,#0E7C61,14.0,124.0,97.0,165.0,80.0,27.0,,,
Deep jungle green,#004B49,0.0,75.0,73.0,178.0,100.0,15.0,,,
Deep koamaru,#333366,51.0,51.0,102.0,240.0,33.0,30.0,,,
Deep lemon,#F5C71A,245.0,199.0,26.0,47.0,92.0,53.0,,,
Deep lilac,#9955BB,153.0,85.0,187.0,280.0,43.0,53.0,,,
Deep magenta,#CC00CC,204.0,0.0,204.0,300.0,100.0,40.0,,,
Deep maroon,#820000,130.0,0.0,0.0,0.0,100.0,26.0,,,
Deep mauve,#D473D4,212.0,115.0,212.0,300.0,53.0,64.0,,,
Deep moss green,#355E3B,53.0,94.0,59.0,129.0,28.0,29.0,,,
Deep peach,#FFCBA4,255.0,203.0,164.0,26.0,100.0,82.0,,,
Deep pink,#FF1493,255.0,20.0,147.0,328.0,100.0,54.0,,,
Deep puce,#A95C68,169.0,92.0,104.0,351.0,31.0,51.0,,,
Deep Red,#850101,133.0,1.0,1.0,0.0,99.0,26.0,,,
Deep ruby,#843F5B,132.0,63.0,91.0,336.0,35.0,38.0,,,
Deep saffron,#FF9933,255.0,153.0,51.0,30.0,100.0,60.0,,,
Deep sky blue,#00BFFF,0.0,191.0,255.0,195.0,100.0,50.0,,,
Deep Space Sparkle,#4A646C,74.0,100.0,108.0,194.0,19.0,36.0,,,
Deep spring bud,#556B2F,85.0,107.0,47.0,82.0,39.0,30.0,,,
Deep Taupe,#7E5E60,126.0,94.0,96.0,356.0,15.0,43.0,,,
Deep Tuscan red,#66424D,102.0,66.0,77.0,342.0,21.0,33.0,,,
Deep violet,#330066,51.0,0.0,102.0,270.0,100.0,20.0,,,
Deer,#BA8759,186.0,135.0,89.0,28.0,41.0,54.0,,,
Denim,#1560BD,21.0,96.0,189.0,213.0,80.0,41.0,,,
Denim Blue,#2243B6,34.0,67.0,182.0,227.0,69.0,42.0,,,
Desaturated cyan,#669999,102.0,153.0,153.0,180.0,20.0,50.0,,,
Desert,#C19A6B,193.0,154.0,107.0,33.0,41.0,59.0,,,
Desert sand,#EDC9AF,237.0,201.0,175.0,25.0,63.0,81.0,,,
Desire,#EA3C53,234.0,60.0,83.0,352.0,81.0,58.0,,,
Diamond,#B9F2FF,185.0,242.0,255.0,191.0,100.0,86.0,,,
Dim gray,#696969,105.0,105.0,105.0,0.0,0.0,41.0,,,
Dingy Dungeon,#C53151,197.0,49.0,81.0,347.0,60.0,48.0,,,
Dirt,#9B7653,155.0,118.0,83.0,29.0,30.0,47.0,,,
Dodger blue,#1E90FF,30.0,144.0,255.0,210.0,100.0,56.0,,,
Dogwood rose,#D71868,215.0,24.0,104.0,335.0,80.0,47.0,,,
Dollar bill,#85BB65,133.0,187.0,101.0,98.0,39.0,56.0,,,
Dolphin Gray,#828E84,130.0,142.0,132.0,130.0,5.0,53.0,,,
Donkey brown,#664C28,102.0,76.0,40.0,35.0,44.0,28.0,,,
Drab,#967117,150.0,113.0,23.0,43.0,73.0,34.0,,,
Duke blue,#00009C,0.0,0.0,156.0,240.0,100.0,31.0,,,
Dust storm,#E5CCC9,229.0,204.0,201.0,6.0,35.0,84.0,,,
Dutch white,#EFDFBB,239.0,223.0,187.0,42.0,62.0,84.0,,,
Earth yellow,#E1A95F,225.0,169.0,95.0,34.0,68.0,63.0,,,
Ebony,#555D50,85.0,93.0,80.0,97.0,8.0,34.0,,,
Ecru,#C2B280,194.0,178.0,128.0,45.0,35.0,63.0,,,
Eerie black,#1B1B1B,27.0,27.0,27.0,0.0,0.0,11.0,,,
Eggplant,#614051,97.0,64.0,81.0,329.0,20.0,32.0,,,
Eggshell,#F0EAD6,240.0,234.0,214.0,46.0,46.0,89.0,,,
Egyptian blue,#1034A6,16.0,52.0,166.0,226.0,82.0,36.0,,,
Electric blue,#7DF9FF,125.0,249.0,255.0,183.0,100.0,75.0,,,
Electric crimson,#FF003F,255.0,0.0,,345.0,100.0,50.0,,,
Electric cyan,#00FFFF,0.0,255.0,255.0,180.0,100.0,50.0,,,
Electric green,#00FF00,0.0,255.0,0.0,120.0,100.0,50.0,,,
Electric indigo,#6F00FF,111.0,0.0,255.0,266.0,100.0,50.0,,,
Electric lavender,#F4BBFF,244.0,187.0,255.0,290.0,100.0,87.0,,,
Electric lime,#CCFF00,204.0,255.0,0.0,72.0,100.0,50.0,,,
Electric purple,#BF00FF,191.0,0.0,255.0,285.0,100.0,50.0,,,
Electric ultramarine,#3F00FF,63.0,0.0,255.0,255.0,100.0,50.0,,,
Electric violet,#8F00FF,143.0,0.0,255.0,274.0,100.0,50.0,,,
Electric yellow,#FFFF33,255.0,255.0,51.0,60.0,100.0,60.0,,,
Emerald,#50C878,80.0,200.0,120.0,140.0,52.0,55.0,,,
Eminence,#6C3082,108.0,48.0,130.0,284.0,46.0,35.0,,,
English green,#1B4D3E,27.0,77.0,62.0,162.0,48.0,20.0,,,
English lavender,#B48395,180.0,131.0,149.0,338.0,25.0,61.0,,,
English red,,171.0,75.0,82.0,356.0,39.0,48.0,,,
English vermillion,#CC474B,204.0,71.0,75.0,358.0,57.0,54.0,,,
English violet,#563C5C,86.0,60.0,92.0,289.0,21.0,30.0,,,
Eton blue,#96C8A2,150.0,200.0,162.0,134.0,31.0,69.0,,,
Eucalyptus,#44D7A8,68.0,215.0,168.0,161.0,65.0,55.0,,,
Fallow,#C19A6B,193.0,154.0,107.0,33.0,41.0,59.0,,,
Falu red,#801818,128.0,24.0,24.0,0.0,68.0,30.0,,,
Fandango,#B53389,181.0,51.0,137.0,320.0,56.0,45.0,,,
Fandango pink,#DE5285,222.0,82.0,133.0,338.0,68.0,60.0,,,
Fashion fuchsia,#F400A1,244.0,0.0,161.0,320.0,100.0,48.0,,,
Fawn,#E5AA70,229.0,170.0,112.0,30.0,69.0,67.0,,,
Feldgrau,#4D5D53,77.0,93.0,83.0,143.0,9.0,33.0,,,
Feldspar,#FDD5B1,253.0,213.0,177.0,28.0,95.0,84.0,,,
Fern green,#4F7942,79.0,121.0,66.0,106.0,29.0,37.0,,,
Ferrari Red,#FF2800,255.0,40.0,0.0,9.0,100.0,50.0,,,
Field drab,#6C541E,108.0,84.0,30.0,42.0,57.0,27.0,,,
Fiery Rose,#FF5470,255.0,84.0,112.0,350.0,100.0,67.0,,,
Firebrick,#B22222,178.0,34.0,34.0,0.0,68.0,42.0,,,
Fire engine red,#CE2029,206.0,32.0,41.0,357.0,73.0,47.0,,,
Flame,#E25822,226.0,88.0,34.0,17.0,77.0,51.0,,,
Flamingo pink,#FC8EAC,252.0,142.0,172.0,344.0,95.0,77.0,,,
Flattery,#6B4423,107.0,68.0,35.0,28.0,51.0,28.0,,,
Flavescent,#F7E98E,247.0,233.0,142.0,52.0,87.0,76.0,,,
Flax,#EEDC82,238.0,220.0,130.0,50.0,76.0,72.0,,,
Flirt,#A2006D,162.0,0.0,109.0,320.0,100.0,32.0,,,
Floral white,#FFFAF0,255.0,250.0,240.0,40.0,100.0,97.0,,,
Fluorescent orange,#FFBF00,255.0,191.0,0.0,45.0,100.0,50.0,,,
Fluorescent pink,#FF1493,255.0,20.0,147.0,328.0,100.0,54.0,,,
Fluorescent yellow,#CCFF00,204.0,255.0,0.0,72.0,,50.0,,,
Folly,#FF004F,255.0,0.0,79.0,341.0,100.0,50.0,,,
Forest green (traditional),#014421,1.0,68.0,33.0,149.0,97.0,14.0,,,
Forest green (web),#228B22,34.0,139.0,34.0,120.0,61.0,34.0,,,
French beige,#A67B5B,166.0,123.0,91.0,26.0,30.0,50.0,,,
French bistre,#856D4D,133.0,109.0,77.0,34.0,27.0,41.0,,,
French blue,#0072BB,0.0,114.0,187.0,203.0,100.0,37.0,,,
French fuchsia,#FD3F92,253.0,63.0,146.0,334.0,98.0,62.0,,,
French lilac,#86608E,134.0,96.0,142.0,290.0,19.0,47.0,,,
French lime,#9EFD38,158.0,253.0,56.0,89.0,98.0,61.0,,,
French mauve,#D473D4,212.0,115.0,212.0,300.0,53.0,64.0,,,
French pink,#FD6C9E,253.0,108.0,158.0,339.0,97.0,71.0,,,
French plum,#811453,129.0,20.0,83.0,325.0,73.0,29.0,,,
French puce,#4E1609,78.0,22.0,9.0,11.0,79.0,17.0,,,
French raspberry,#C72C48,199.0,44.0,72.0,349.0,64.0,48.0,,,
French rose,#F64A8A,246.0,74.0,138.0,338.0,91.0,63.0,,,
French sky blue,#77B5FE,,181.0,254.0,212.0,99.0,73.0,,,
French violet,#8806CE,136.0,6.0,206.0,279.0,94.0,42.0,,,
French wine,#AC1E44,172.0,30.0,68.0,344.0,70.0,40.0,,,
Fresh Air,#A6E7FF,166.0,231.0,255.0,196.0,100.0,83.0,,,
Frostbite,#E936A7,233.0,54.0,167.0,322.0,80.0,56.0,,,
Fuchsia,#FF00FF,255.0,0.0,255.0,300.0,100.0,50.0,,,
Fuchsia (Crayola),#C154C1,193.0,84.0,193.0,300.0,47.0,54.0,,,
Fuchsia pink,#FF77FF,255.0,119.0,255.0,300.0,100.0,73.0,,,
Fuchsia purple,#CC397B,204.0,57.0,123.0,333.0,59.0,51.0,,,
Fuchsia rose,#C74375,199.0,67.0,117.0,337.0,54.0,52.0,,,
Fulvous,,228.0,132.0,0.0,35.0,100.0,45.0,,,
Fuzzy Wuzzy,#CC6666,204.0,102.0,102.0,0.0,50.0,60.0,,,
Gainsboro,#DCDCDC,220.0,220.0,220.0,0.0,0.0,86.0,,,
Gamboge,#E49B0F,228.0,155.0,15.0,39.0,88.0,48.0,,,
Gamboge orange (brown),#996600,152.0,102.0,0.0,40.0,,30.0,,,
Gargoyle Gas,#FFDF46,255.0,223.0,70.0,50.0,100.0,64.0,,,
Generic viridian,#007F66,0.0,127.0,102.0,168.0,100.0,25.0,,,
Ghost white,#F8F8FF,248.0,248.0,255.0,240.0,100.0,99.0,,,
Giant's Club,#B05C52,176.0,92.0,82.0,6.0,37.0,51.0,,,
Giants orange,#FE5A1D,254.0,90.0,29.0,16.0,99.0,55.0,,,
Ginger,#B06500,176.0,101.0,0.0,34.0,100.0,35.0,,,
Glaucous,#6082B6,96.0,130.0,182.0,216.0,37.0,55.0,,,
Glitter,#E6E8FA,230.0,232.0,250.0,234.0,67.0,94.0,,,
Glossy Grape,#AB92B3,171.0,146.0,179.0,285.0,18.0,64.0,,,
GO green,#00AB66,0.0,171.0,102.0,156.0,100.0,34.0,,,
Gold (metallic),#D4AF37,212.0,175.0,55.0,46.0,65.0,52.0,,,
Gold (web) (Golden),#FFD700,,215.0,0.0,51.0,100.0,50.0,,,
Gold Fusion,#85754E,133.0,117.0,78.0,43.0,26.0,41.0,,,
Golden brown,#996515,153.0,101.0,21.0,36.0,76.0,34.0,,,
Golden poppy,#FCC200,252.0,194.0,0.0,46.0,100.0,49.0,,,
Golden yellow,#FFDF00,255.0,223.0,0.0,52.0,100.0,50.0,,,
Goldenrod,#DAA520,218.0,165.0,32.0,,74.0,49.0,,,
Granite Gray,#676767,103.0,103.0,103.0,0.0,0.0,40.0,,,
Granny Smith Apple,#A8E4A0,168.0,228.0,160.0,113.0,56.0,76.0,,,
Grape,#6F2DA8,111.0,45.0,168.0,272.0,58.0,42.0,,,
Gray,#808080,128.0,128.0,128.0,0.0,0.0,50.0,,,
Gray (HTML/CSS gray),#808080,128.0,128.0,128.0,0.0,0.0,50.0,,,
Gray (X11 gray),#BEBEBE,190.0,190.0,190.0,0.0,0.0,75.0,,,
Gray-asparagus,#465945,70.0,89.0,69.0,117.0,13.0,31.0,,,
Gray-blue,#8C92AC,140.0,146.0,172.0,229.0,16.0,61.0,,,
Green (Color Wheel) (X11 green),#00FF00,0.0,255.0,0.0,120.0,100.0,50.0,,,
Green (Crayola),#1CAC78,28.0,172.0,120.0,158.0,72.0,39.0,,,
Green (HTML/CSS color),#008000,0.0,128.0,0.0,120.0,100.0,25.0,,,
Green (Munsell),#00A877,0.0,168.0,119.0,163.0,100.0,33.0,,,
Green (NCS),#009F6B,0.0,159.0,107.0,160.0,100.0,31.0,,,
Green (Pantone),#00AD43,0.0,173.0,67.0,143.0,100.0,34.0,,,
Green (pigment),#00A550,0.0,165.0,80.0,149.0,100.0,32.0,,,
Green (RYB),#66B032,102.0,176.0,50.0,95.0,56.0,44.0,,,
Green-blue,#1164B4,17.0,100.0,180.0,209.0,83.0,39.0,,,
Green-cyan,#009966,0.0,153.0,102.0,160.0,100.0,30.0,,,
Green Lizard,#A7F432,167.0,244.0,50.0,84.0,90.0,58.0,,,
Green Sheen,#6EAEA1,110.0,174.0,161.0,168.0,28.0,56.0,,,
Green-yellow,#ADFF2F,173.0,255.0,47.0,84.0,100.0,59.0,,,
Grizzly,#885818,136.0,88.0,24.0,34.0,70.0,31.0,,,
Grullo,#A99A86,169.0,154.0,134.0,34.0,17.0,59.0,,,
Guppie green,#00FF7F,0.0,255.0,127.0,150.0,100.0,50.0,,,
Gunmetal,#2a3439,42.0,52.0,57.0,200.0,15.0,19.0,,,
Halayà úbe,#663854,102.0,55.0,84.0,323.0,29.0,31.0,,,
Han blue,#446CCF,68.0,108.0,207.0,223.0,59.0,54.0,,,
Han purple,#5218FA,82.0,24.0,250.0,255.0,96.0,54.0,,,
Hansa yellow,#E9D66B,233.0,214.0,107.0,51.0,74.0,67.0,,,
Harlequin,#3FFF00,63.0,255.0,0.0,105.0,100.0,50.0,,,
Harlequin green,#46CB18,70.0,203.0,24.0,105.0,79.0,45.0,,,
Harvard crimson,#C90016,201.0,0.0,22.0,353.0,100.0,39.0,,,
Harvest gold,#DA9100,218.0,145.0,0.0,40.0,100.0,43.0,,,
Heart Gold,#808000,128.0,128.0,0.0,60.0,100.0,25.0,,,
Heat Wave,#FF7A00,255.0,122.0,0.0,29.0,100.0,50.0,,,
Heidelberg Red[2],#960018,150.0,0.0,24.0,10.0,100.0,29.0,,,
Heliotrope,#DF73FF,223.0,115.0,255.0,286.0,100.0,73.0,,,
Heliotrope gray,#AA98A9,170.0,152.0,168.0,303.0,10.0,63.0,,,
Heliotrope magenta,#AA00BB,170.0,0.0,187.0,295.0,100.0,37.0,,,
Hollywood cerise,#F400A1,244.0,0.0,161.0,320.0,100.0,48.0,,,
Honeydew,#F0FFF0,240.0,255.0,240.0,120.0,100.0,97.0,,,
Honolulu blue,#006DB0,0.0,109.0,176.0,203.0,100.0,35.0,,,
Hooker's green,#49796B,73.0,121.0,107.0,163.0,25.0,38.0,,,
Hot magenta,#FF1DCE,255.0,29.0,206.0,313.0,100.0,56.0,,,
Hot pink,#FF69B4,255.0,105.0,180.0,330.0,100.0,71.0,,,
Hunter green,#355E3B,53.0,94.0,59.0,129.0,28.0,29.0,,,
Iceberg,#71A6D2,113.0,166.0,210.0,207.0,52.0,63.0,,,
Icterine,#FCF75E,252.0,247.0,94.0,58.0,96.0,68.0,,,
Iguana Green,#71BC78,113.0,188.0,120.0,126.0,36.0,59.0,,,
Illuminating Emerald,#319177,49.0,145.0,119.0,164.0,49.0,38.0,,,
Imperial,#602F6B,96.0,47.0,107.0,289.0,39.0,30.0,,,
Imperial blue,#002395,0.0,35.0,149.0,226.0,100.0,29.0,,,
Imperial purple,#66023C,102.0,2.0,60.0,325.0,96.0,20.0,,,
Imperial red,#ED2939,237.0,41.0,57.0,355.0,84.0,55.0,,,
Inchworm,#B2EC5D,178.0,236.0,93.0,84.0,79.0,65.0,,,
Independence,#4C516D,76.0,81.0,109.0,231.0,18.0,36.0,,,
India green,#138808,19.0,136.0,8.0,115.0,89.0,28.0,,,
Indian red,#CD5C5C,205.0,92.0,92.0,0.0,53.0,58.0,,,
Indian yellow,#E3A857,227.0,168.0,87.0,35.0,71.0,62.0,,,
Indigo,#4B0082,75.0,0.0,130.0,266.0,100.0,26.0,,,
Indigo dye,#091F92,9.0,31.0,146.0,230.0,88.0,30.0,,,
Indigo (web),#4B0082,75.0,0.0,130.0,275.0,100.0,25.0,,,
Infra Red,#FF496C,255.0,73.0,108.0,348.0,100.0,64.0,,,
Interdimensional Blue,#360CCC,54.0,12.0,204.0,253.0,89.0,42.0,,,
International Klein Blue,#002FA7,0.0,47.0,167.0,223.0,100.0,33.0,,,
International orange (aerospace),#FF4F00,255.0,79.0,0.0,19.0,100.0,50.0,,,
International orange (engineering),#BA160C,186.0,22.0,12.0,3.0,88.0,39.0,,,
International orange (Golden Gate Bridge),#C0362C,192.0,54.0,44.0,4.0,63.0,46.0,,,
Iris,#5A4FCF,90.0,79.0,207.0,245.0,57.0,56.0,,,
Irresistible,#B3446C,179.0,68.0,108.0,338.0,45.0,48.0,,,
Isabelline,#F4F0EC,244.0,240.0,236.0,30.0,27.0,94.0,,,
Islamic green,#009000,0.0,144.0,0.0,120.0,100.0,28.0,,,
Italian sky blue,#B2FFFF,178.0,255.0,255.0,180.0,100.0,85.0,,,
Ivory,#FFFFF0,255.0,255.0,240.0,60.0,100.0,97.0,,,
Jade,#00A86B,0.0,168.0,107.0,158.0,100.0,33.0,,,
Japanese carmine,#9D2933,157.0,41.0,51.0,355.0,59.0,39.0,,,
Japanese indigo,#264348,38.0,67.0,72.0,189.0,31.0,22.0,,,
Japanese violet,#5B3256,91.0,50.0,86.0,307.0,29.0,28.0,,,
Jasmine,#F8DE7E,248.0,222.0,126.0,47.0,90.0,73.0,,,
Jasper,#D73B3E,215.0,59.0,62.0,359.0,66.0,54.0,,,
Jazzberry jam,#A50B5E,165.0,11.0,94.0,328.0,88.0,35.0,,,
Jelly Bean,#DA614E,218.0,97.0,78.0,8.0,65.0,58.0,,,
Jet,#343434,52.0,52.0,52.0,0.0,0.0,20.0,,,
Jonquil,#F4CA16,244.0,202.0,22.0,49.0,91.0,52.0,,,
Jordy blue,#8AB9F1,138.0,185.0,241.0,213.0,79.0,74.0,,,
June bud,#BDDA57,189.0,218.0,87.0,73.0,64.0,60.0,,,
Jungle green,#29AB87,41.0,171.0,135.0,163.0,61.0,42.0,,,
Kelly green,#4CBB17,76.0,187.0,23.0,101.0,78.0,41.0,,,
Kenyan copper,#7C1C05,124.0,28.0,5.0,12.0,92.0,25.0,,,
Keppel,#3AB09E,58.0,176.0,158.0,171.0,50.0,46.0,,,
Key Lime,#E8F48C,232.0,244.0,140.0,67.0,83.0,75.0,,,
Khaki (HTML/CSS) (Khaki),#C3B091,195.0,176.0,145.0,37.0,29.0,67.0,,,
Khaki (X11) (Light khaki),#F0E68C,240.0,230.0,140.0,54.0,77.0,75.0,,,
Kiwi,#8EE53F,142.0,229.0,63.0,91.0,76.0,57.0,,,
Kobe,#882D17,136.0,45.0,23.0,12.0,71.0,31.0,,,
Kobi,#E79FC4,231.0,159.0,196.0,329.0,60.0,76.0,,,
Kobicha,#6B4423,107.0,68.0,35.0,28.0,51.0,28.0,,,
Kombu green,#354230,53.0,66.0,48.0,103.0,16.0,22.0,,,
KSU Purple,#512888,79.0,38.0,131.0,266.0,55.0,33.0,,,
KU Crimson,#E8000D,232.0,0.0,13.0,357.0,100.0,45.0,,,
La Salle Green,#087830,8.0,120.0,48.0,141.0,88.0,25.0,,,
Languid lavender,#D6CADD,214.0,202.0,221.0,278.0,22.0,83.0,,,
Lapis lazuli,#26619C,38.0,97.0,156.0,210.0,61.0,38.0,,,
Laser Lemon,#FFFF66,255.0,255.0,102.0,60.0,100.0,70.0,,,
Laurel green,#A9BA9D,169.0,186.0,157.0,95.0,17.0,67.0,,,
Lava,#CF1020,207.0,16.0,32.0,355.0,86.0,44.0,,,
Lavender (floral),#B57EDC,181.0,126.0,220.0,275.0,57.0,68.0,,,
Lavender (web),#E6E6FA,230.0,230.0,250.0,240.0,67.0,94.0,,,
Lavender blue,#CCCCFF,204.0,204.0,255.0,240.0,100.0,90.0,,,
Lavender blush,#FFF0F5,255.0,240.0,245.0,340.0,100.0,97.0,,,
Lavender gray,#C4C3D0,196.0,195.0,208.0,245.0,12.0,79.0,,,
Lavender indigo,#9457EB,148.0,87.0,235.0,265.0,79.0,63.0,,,
Lavender magenta,#EE82EE,238.0,130.0,238.0,300.0,76.0,72.0,,,
Lavender mist,#E6E6FA,230.0,230.0,250.0,240.0,67.0,94.0,,,
Lavender pink,#FBAED2,251.0,174.0,210.0,332.0,91.0,83.0,,,
Lavender purple,#967BB6,150.0,123.0,182.0,267.0,29.0,60.0,,,
Lavender rose,#FBA0E3,251.0,160.0,227.0,316.0,92.0,81.0,,,
Lawn green,#7CFC00,124.0,252.0,0.0,90.0,100.0,49.0,,,
Lemon,#FFF700,255.0,247.0,0.0,58.0,100.0,50.0,,,
Lemon chiffon,#FFFACD,255.0,250.0,205.0,54.0,100.0,90.0,,,
Lemon curry,#CCA01D,204.0,160.0,29.0,45.0,75.0,46.0,,,
Lemon glacier,#FDFF00,253.0,255.0,0.0,60.0,100.0,50.0,,,
Lemon lime,#E3FF00,227.0,255.0,0.0,67.0,100.0,50.0,,,
Lemon meringue,#F6EABE,246.0,234.0,190.0,47.0,76.0,85.0,,,
Lemon yellow,#FFF44F,255.0,244.0,79.0,56.0,100.0,65.0,,,
Licorice,#1A1110,26.0,17.0,16.0,6.0,24.0,8.0,,,
Liberty,#545AA7,84.0,90.0,167.0,236.0,33.0,49.0,,,
Light apricot,#FDD5B1,253.0,213.0,177.0,28.0,95.0,84.0,,,
Light blue,#ADD8E6,173.0,216.0,230.0,195.0,53.0,79.0,,,
Light brown,#B5651D,181.0,101.0,29.0,28.0,72.0,41.0,,,
Light carmine pink,#E66771,230.0,103.0,113.0,355.0,72.0,65.0,,,
Light cobalt blue,#88ACE0,136.0,172.0,224.0,215.0,59.0,71.0,,,
Light coral,#F08080,240.0,128.0,128.0,0.0,79.0,72.0,,,
Light cornflower blue,#93CCEA,147.0,204.0,234.0,201.0,67.0,75.0,,,
Light crimson,#F56991,245.0,105.0,145.0,343.0,88.0,69.0,,,
Light cyan,#E0FFFF,224.0,255.0,255.0,180.0,100.0,94.0,,,
Light deep pink,#FF5CCD,255.0,92.0,205.0,318.0,100.0,68.0,,,
Light French beige,#C8AD7F,200.0,173.0,127.0,38.0,40.0,64.0,,,
Light fuchsia pink,#F984EF,249.0,132.0,239.0,305.0,91.0,75.0,,,
Light goldenrod yellow,#FAFAD2,250.0,250.0,210.0,60.0,80.0,90.0,,,
Light gray,#D3D3D3,211.0,211.0,211.0,0.0,0.0,83.0,,,
Light grayish magenta,#CC99CC,204.0,153.0,204.0,300.0,33.0,70.0,,,
Light green,#90EE90,144.0,238.0,144.0,120.0,73.0,75.0,,,
Light hot pink,#FFB3DE,255.0,179.0,222.0,326.0,100.0,85.0,,,
Light khaki,#F0E68C,240.0,230.0,140.0,54.0,77.0,75.0,,,
Light medium orchid,#D39BCB,211.0,155.0,203.0,309.0,39.0,72.0,,,
Light moss green,#ADDFAD,173.0,223.0,173.0,120.0,44.0,78.0,,,
Light orchid,#E6A8D7,230.0,168.0,215.0,315.0,55.0,78.0,,,
Light pastel purple,#B19CD9,177.0,156.0,217.0,261.0,45.0,73.0,,,
Light pink,#FFB6C1,255.0,182.0,193.0,351.0,100.0,86.0,,,
Light red ochre,#E97451,233.0,116.0,81.0,14.0,78.0,62.0,,,
Light salmon,#FFA07A,255.0,160.0,122.0,,100.0,74.0,,,
Light salmon pink,#FF9999,255.0,153.0,153.0,0.0,100.0,80.0,,,
Light sea green,#20B2AA,32.0,178.0,170.0,177.0,70.0,41.0,,,
Light sky blue,#87CEFA,135.0,206.0,250.0,203.0,92.0,75.0,,,
Light slate gray,#778899,119.0,136.0,153.0,210.0,14.0,53.0,,,
Light steel blue,#B0C4DE,176.0,196.0,222.0,214.0,41.0,78.0,,,
Light taupe,#B38B6D,179.0,139.0,109.0,26.0,32.0,56.0,,,
Light Thulian pink,#E68FAC,230.0,143.0,172.0,340.0,64.0,73.0,,,
Light yellow,#FFFFE0,255.0,255.0,224.0,60.0,100.0,94.0,,,
Lilac,#C8A2C8,200.0,162.0,200.0,300.0,26.0,71.0,,,
Lilac Luster,#AE98AA,174.0,152.0,170.0,311.0,12.0,64.0,,,
Lime (color wheel),#BFFF00,191.0,255.0,0.0,75.0,100.0,50.0,,,
Lime (web) (X11 green),#00FF00,0.0,255.0,0.0,120.0,100.0,50.0,,,
Lime green,#32CD32,50.0,205.0,50.0,120.0,61.0,50.0,,,
Limerick,#9DC209,157.0,194.0,9.0,72.0,91.0,40.0,,,
Lincoln green,#195905,25.0,89.0,5.0,106.0,89.0,18.0,,,
Linen,#FAF0E6,250.0,240.0,230.0,30.0,67.0,94.0,,,
Loeen(lopen)look/vomit+indogo+Lopen+Gabriel,#15F2FD,123.0,154.0,200.0,33.0,41.0,63.0,,,
Liseran Purple,#DE6FA1,222.0,111.0,161.0,333.0,63.0,65.0,,,
Little boy blue,#6CA0DC,108.0,160.0,220.0,212.0,62.0,64.0,,,
Liver,#674C47,103.0,76.0,71.0,9.0,18.0,34.0,,,
Liver (dogs),#B86D29,184.0,109.0,41.0,29.0,64.0,44.0,,,
Liver (organ),#6C2E1F,108.0,46.0,31.0,12.0,55.0,27.0,,,
Liver chestnut,#987456,152.0,116.0,86.0,27.0,28.0,47.0,,,
Livid,#6699CC,102.0,153.0,204.0,210.0,50.0,60.0,,,
Lumber,#FFE4CD,255.0,228.0,205.0,28.0,100.0,90.0,,,
Lust,#E62020,230.0,32.0,32.0,0.0,80.0,51.0,,,
Maastricht Blue,#001C3D,0.0,28.0,61.0,212.0,100.0,12.0,,,
Macaroni and Cheese,#FFBD88,255.0,189.0,136.0,27.0,100.0,77.0,,,
Madder Lake,#CC3336,204.0,51.0,54.0,359.0,60.0,50.0,,,
Magenta,#FF00FF,255.0,0.0,255.0,300.0,100.0,50.0,,,
Magenta (Crayola),#FF55A3,255.0,85.0,163.0,332.0,100.0,67.0,,,
Magenta (dye),#CA1F7B,202.0,31.0,123.0,328.0,73.0,46.0,,,
Magenta (Pantone),#D0417E,208.0,65.0,126.0,334.0,60.0,54.0,,,
Magenta (process),#FF0090,255.0,0.0,144.0,326.0,100.0,50.0,,,
Magenta haze,#9F4576,159.0,69.0,118.0,327.0,39.0,45.0,,,
Magenta-pink,#CC338B,204.0,51.0,139.0,325.0,60.0,50.0,,,
Magic mint,#AAF0D1,170.0,240.0,209.0,153.0,70.0,80.0,,,
Magic Potion,#FF4466,255.0,68.0,102.0,349.0,100.0,63.0,,,
Magnolia,#F8F4FF,248.0,244.0,255.0,262.0,100.0,98.0,,,
Mahogany,#C04000,192.0,64.0,0.0,20.0,100.0,38.0,,,
Maize,#FBEC5D,251.0,236.0,93.0,54.0,95.0,67.0,,,
Majorelle Blue,#6050DC,96.0,80.0,220.0,247.0,67.0,59.0,,,
Malachite,#0BDA51,11.0,218.0,81.0,140.0,90.0,45.0,,,
Manatee,#979AAA,151.0,154.0,170.0,231.0,10.0,63.0,,,
Mandarin,#F37A48,243.0,122.0,72.0,18.0,88.0,62.0,,,
Mango Tango,#FF8243,255.0,130.0,67.0,20.0,100.0,63.0,,,
Mantis,#74C365,116.0,195.0,101.0,110.0,44.0,58.0,,,
Mardi Gras,#880085,136.0,0.0,133.0,301.0,100.0,27.0,,,
Marigold,#EAA221,234.0,162.0,33.0,39.0,83.0,52.0,,,
Maroon (Crayola),#C32148,195.0,33.0,72.0,346.0,71.0,45.0,,,
Maroon (HTML/CSS),#800000,128.0,0.0,0.0,0.0,100.0,25.0,,,
Maroon (X11),#B03060,176.0,48.0,96.0,338.0,57.0,44.0,,,
Mauve,#E0B0FF,224.0,176.0,255.0,276.0,100.0,85.0,,,
Mauve taupe,#915F6D,145.0,95.0,109.0,343.0,21.0,47.0,,,
Mauvelous,#EF98AA,239.0,152.0,170.0,348.0,73.0,77.0,,,
Maximum Blue,#47ABCC,71.0,171.0,204.0,195.0,57.0,54.0,,,
Maximum Blue Green,#30BFBF,48.0,191.0,191.0,180.0,60.0,47.0,,,
Maximum Blue Purple,#ACACE6,172.0,172.0,230.0,240.0,54.0,79.0,,,
Maximum Green,#5E8C31,94.0,140.0,49.0,90.0,48.0,37.0,,,
Maximum Green Yellow,#D9E650,217.0,230.0,80.0,65.0,75.0,61.0,,,
Maximum Purple,#733380,115.0,51.0,128.0,290.0,43.0,35.0,,,
Maximum Red,#D92121,217.0,,33.0,0.0,74.0,49.0,,,
Maximum Red Purple,#A63A79,166.0,58.0,121.0,325.0,48.0,44.0,,,
Maximum Yellow,#FAFA37,250.0,250.0,55.0,60.0,95.0,60.0,,,
Maximum Yellow Red,#F2BA49,242.0,186.0,73.0,40.0,87.0,62.0,,,
May green,#4C9141,76.0,145.0,65.0,112.0,38.0,41.0,,,
Maya blue,#73C2FB,115.0,194.0,251.0,205.0,94.0,72.0,,,
Meat brown,#E5B73B,229.0,183.0,59.0,44.0,77.0,56.0,,,
Medium aquamarine,#66DDAA,102.0,221.0,170.0,154.0,64.0,63.0,,,
Medium blue,#0000CD,0.0,0.0,205.0,240.0,100.0,40.0,,,
Medium candy apple red,#E2062C,226.0,6.0,44.0,350.0,95.0,45.0,,,
Medium carmine,#AF4035,175.0,64.0,53.0,5.0,54.0,45.0,,,
Medium champagne,#F3E5AB,243.0,229.0,171.0,48.0,75.0,81.0,,,
Medium electric blue,#035096,3.0,80.0,150.0,209.0,96.0,30.0,,,
Medium jungle green,#1C352D,28.0,53.0,45.0,161.0,31.0,16.0,,,
Medium lavender magenta,#DDA0DD,221.0,160.0,221.0,300.0,47.0,75.0,,,
Medium orchid,#BA55D3,186.0,85.0,211.0,288.0,59.0,58.0,,,
Medium Persian blue,#0067A5,0.0,103.0,165.0,203.0,100.0,32.0,,,
Medium purple,#9370DB,147.0,112.0,219.0,260.0,60.0,65.0,,,
Medium red-violet,#BB3385,187.0,51.0,133.0,324.0,57.0,47.0,,,
Medium ruby,#AA4069,170.0,64.0,105.0,337.0,45.0,46.0,,,
Medium sea green,#3CB371,60.0,179.0,113.0,147.0,50.0,47.0,,,
Medium sky blue,#80DAEB,128.0,218.0,235.0,190.0,73.0,71.0,,,
Medium slate blue,#7B68EE,123.0,104.0,238.0,249.0,80.0,67.0,,,
Medium spring bud,#C9DC87,201.0,220.0,135.0,73.0,55.0,70.0,,,
Medium spring green,#00FA9A,0.0,250.0,154.0,157.0,100.0,49.0,,,
Medium taupe,#674C47,103.0,76.0,71.0,9.0,18.0,34.0,,,
Medium turquoise,#48D1CC,72.0,209.0,204.0,178.0,60.0,55.0,,,
Medium Tuscan red,#79443B,121.0,68.0,59.0,9.0,34.0,35.0,,,
Medium vermilion,#D9603B,217.0,96.0,59.0,14.0,68.0,54.0,,,
Medium violet-red,#C71585,199.0,21.0,133.0,322.0,81.0,43.0,,,
Mellow apricot,#F8B878,248.0,184.0,120.0,30.0,90.0,72.0,,,
Mellow yellow,#F8DE7E,248.0,222.0,126.0,47.0,90.0,73.0,,,
Melon,#FDBCB4,253.0,188.0,180.0,7.0,95.0,85.0,,,
Metallic Seaweed,#0A7E8C,10.0,126.0,140.0,186.0,87.0,29.0,,,
Metallic Sunburst,#9C7C38,156.0,124.0,56.0,41.0,47.0,42.0,,,
Mexican pink,#E4007C,228.0,0.0,124.0,327.0,100.0,45.0,,,
Middle Blue,#7ED4E6,126.0,212.0,230.0,126.0,68.0,70.0,,,
Middle Blue Green,#8DD9CC,141.0,217.0,204.0,141.0,,70.0,,,
Middle Blue Purple,#8B72BE,139.0,114.0,190.0,260.0,37.0,60.0,,,
Middle Red Purple,#210837,33.0,8.0,55.0,139.0,75.0,12.0,,,
Middle Green,#4D8C57,77.0,140.0,87.0,130.0,29.0,43.0,,,
Middle Green Yellow,#ACBF60,172.0,191.0,96.0,72.0,43.0,56.0,,,
Middle Purple,#D982B5,217.0,130.0,181.0,325.0,53.0,68.0,,,
Middle Red,#E58E73,229.0,144.0,115.0,15.0,69.0,68.0,,,
Middle Red Purple,#A55353,0.0,83.0,83.0,165.0,100.0,16.0,,,
Middle Yellow,#FFEB00,255.0,235.0,0.0,55.0,100.0,50.0,,,
Middle Yellow Red,#ECB176,166.0,58.0,121.0,236.0,48.0,44.0,,,
Midnight,#702670,112.0,38.0,112.0,300.0,49.0,29.0,,,
Midnight blue,#191970,25.0,25.0,112.0,240.0,64.0,27.0,,,
Midnight green (eagle green),#004953,0.0,73.0,83.0,187.0,100.0,16.0,,,
Mikado yellow,#FFC40C,255.0,196.0,12.0,45.0,100.0,52.0,,,
Milk,#FDFFF5,253.0,255.0,245.0,72.0,100.0,98.0,,,
Mimi Pink,#FFDAE9,255.0,218.0,233.0,336.0,100.0,93.0,,,
Mindaro,#E3F988,227.0,249.0,136.0,72.0,90.0,75.0,,,
Ming,#36747D,54.0,116.0,125.0,188.0,40.0,35.0,,,
Minion Yellow,#F5E050,245.0,220.0,80.0,52.0,89.0,64.0,,,
Mint,#3EB489,62.0,180.0,137.0,158.0,49.0,47.0,,,
Mint cream,#F5FFFA,245.0,255.0,250.0,150.0,100.0,98.0,,,
Mint green,#98FF98,152.0,255.0,152.0,120.0,100.0,80.0,,,
Misty Moss,#BBB477,187.0,180.0,119.0,54.0,33.0,60.0,,,
Misty rose,#FFE4E1,255.0,228.0,225.0,6.0,100.0,94.0,,,
Moccasin,#FAEBD7,250.0,235.0,215.0,34.0,78.0,91.0,,,
Mode beige,#967117,150.0,113.0,23.0,43.0,73.0,34.0,,,
Moonstone blue,#73A9C2,115.0,169.0,194.0,199.0,39.0,61.0,,,
Mordant red 19,#AE0C00,174.0,12.0,0.0,4.0,100.0,34.0,,,
Moss green,#8A9A5B,138.0,154.0,91.0,75.0,26.0,48.0,,,
Mountain Meadow,#30BA8F,48.0,186.0,143.0,161.0,59.0,46.0,,,
Mountbatten pink,#997A8D,153.0,122.0,141.0,323.0,13.0,54.0,,,
MSU Green,#18453B,24.0,69.0,59.0,167.0,48.0,18.0,,,
Mughal green,#306030,48.0,96.0,48.0,120.0,33.0,28.0,,,
Mulberry,#C54B8C,197.0,75.0,140.0,328.0,51.0,53.0,,,
Mummy's Tomb,#828E84,130.0,142.0,132.0,130.0,5.0,53.0,,,
Mustard,#FFDB58,255.0,219.0,88.0,47.0,100.0,67.0,,,
Myrtle green,#317873,49.0,120.0,115.0,176.0,42.0,33.0,,,
Mystic,#D65282,214.0,82.0,130.0,338.0,62.0,58.0,,,
Mystic Maroon,#AD4379,173.0,67.0,121.0,329.0,44.0,47.0,,,
Nadeshiko pink,#F6ADC6,246.0,173.0,198.0,339.0,80.0,82.0,,,
Napier green,#2A8000,42.0,128.0,0.0,100.0,100.0,25.0,,,
Naples yellow,#FADA5E,250.0,218.0,94.0,48.0,94.0,67.0,,,
Navajo white,#FFDEAD,255.0,222.0,173.0,36.0,100.0,84.0,,,
Navy,#000080,0.0,0.0,128.0,240.0,100.0,25.0,,,
Navy purple,#9457EB,148.0,87.0,235.0,265.0,79.0,63.0,,,
Neon Carrot,#FFA343,255.0,163.0,67.0,31.0,100.0,63.0,,,
Neon fuchsia,#FE4164,254.0,65.0,100.0,349.0,99.0,63.0,,,
Neon green,#39FF14,57.0,255.0,20.0,111.0,100.0,54.0,,,
New Car,#214FC6,33.0,79.0,198.0,223.0,71.0,45.0,,,
New York pink,#D7837F,215.0,131.0,127.0,3.0,52.0,67.0,,,
Nickel,#727472,114.0,116.0,114.0,120.0,1.0,45.0,,,
Non-photo blue,#A4DDED,164.0,221.0,237.0,193.0,67.0,79.0,,,
North Texas Green,#059033,5.0,144.0,51.0,140.0,93.0,29.0,,,
Nyanza,#E9FFDB,233.0,255.0,219.0,97.0,100.0,93.0,,,
Ocean Blue,#4F42B5,79.0,66.0,181.0,247.0,47.0,48.0,,,
Ocean Boat Blue,#0077BE,0.0,119.0,190.0,202.0,100.0,37.0,,,
Ocean Green,#48BF91,72.0,191.0,145.0,157.0,48.0,52.0,,,
Ochre,#CC7722,204.0,119.0,34.0,30.0,71.0,47.0,,,
Office green,#008000,0.0,128.0,0.0,120.0,100.0,25.0,,,
Ogre Odor,#FD5240,253.0,82.0,64.0,6.0,98.0,62.0,,,
Old burgundy,#43302E,67.0,48.0,46.0,6.0,19.0,22.0,,,
Old gold,#CFB53B,207.0,181.0,59.0,49.0,61.0,52.0,,,
Old heliotrope,#563C5C,86.0,60.0,92.0,289.0,21.0,30.0,,,
Old lace,#FDF5E6,253.0,245.0,230.0,39.0,85.0,95.0,,,
Old lavender,#796878,121.0,104.0,120.0,304.0,8.0,44.0,,,
Old mauve,#673147,103.0,49.0,71.0,336.0,36.0,30.0,,,
Old moss green,#867E36,134.0,126.0,54.0,54.0,43.0,37.0,,,
Old rose,#C08081,192.0,128.0,129.0,359.0,34.0,63.0,,,
Old silver,#848482,132.0,132.0,130.0,60.0,1.0,51.0,,,
Olive,#808000,128.0,128.0,0.0,60.0,100.0,25.0,,,
Olive Drab (#3),#6B8E23,107.0,142.0,35.0,80.0,60.0,35.0,,,
Olive Drab #7,#3C341F,60.0,52.0,31.0,43.0,32.0,18.0,,,
Olivine,#9AB973,154.0,185.0,,87.0,33.0,59.0,,,
Onyx,#353839,53.0,56.0,57.0,195.0,4.0,22.0,,,
Opera mauve,#B784A7,183.0,132.0,167.0,319.0,26.0,62.0,,,
Orange (color wheel),#FF7F00,255.0,127.0,0.0,30.0,100.0,50.0,,,
Orange (Crayola),#FF7538,255.0,117.0,56.0,18.0,100.0,61.0,,,
Orange (Pantone),,255.0,88.0,0.0,21.0,100.0,50.0,,,
Orange (RYB),#FB9902,251.0,153.0,2.0,36.0,98.0,50.0,,,
Orange (web),#FFA500,255.0,165.0,0.0,39.0,100.0,50.0,,,
Orange peel,#FF9F00,255.0,159.0,0.0,37.0,100.0,50.0,,,
Orange-red,#FF4500,255.0,69.0,0.0,16.0,100.0,50.0,,,
Orange Soda,#FA5B3D,250.0,91.0,61.0,10.0,95.0,61.0,,,
Orange-yellow,#F8D568,248.0,213.0,104.0,45.0,91.0,69.0,,,
Orchid,#DA70D6,218.0,112.0,214.0,302.0,59.0,65.0,,,
Orchid pink,#F2BDCD,242.0,189.0,205.0,342.0,67.0,85.0,,,
Orioles orange,#FB4F14,,79.0,20.0,15.0,97.0,53.0,,,
Otter brown,#654321,101.0,67.0,33.0,30.0,51.0,26.0,,,
Outer Space,#414A4C,65.0,74.0,76.0,191.0,8.0,28.0,,,
Outrageous Orange,#FF6E4A,255.0,110.0,74.0,12.0,100.0,65.0,,,
Oxford Blue,#002147,0.0,33.0,71.0,212.0,100.0,14.0,,,
OU Crimson Red,#990000,153.0,0.0,0.0,0.0,100.0,30.0,,,
Pacific Blue,#1CA9C9,28.0,169.0,201.0,191.0,76.0,45.0,,,
Pakistan green,#006600,0.0,102.0,0.0,120.0,100.0,20.0,,,
Palatinate blue,#273BE2,39.0,59.0,226.0,234.0,76.0,52.0,,,
Palatinate purple,#682860,104.0,40.0,96.0,308.0,44.0,28.0,,,
Pale aqua,#BCD4E6,188.0,212.0,230.0,206.0,46.0,82.0,,,
Pale blue,#AFEEEE,175.0,238.0,238.0,180.0,65.0,81.0,,,
Pale brown,#987654,152.0,118.0,84.0,30.0,29.0,46.0,,,
Pale carmine,#AF4035,175.0,64.0,53.0,5.0,54.0,45.0,,,
Pale cerulean,#9BC4E2,155.0,196.0,226.0,205.0,55.0,75.0,,,
Pale chestnut,#DDADAF,221.0,173.0,175.0,358.0,41.0,77.0,,,
Pale copper,#DA8A67,218.0,138.0,103.0,18.0,61.0,63.0,,,
Pale cornflower blue,#ABCDEF,171.0,205.0,239.0,210.0,68.0,80.0,,,
Pale cyan,#87D3F8,135.0,211.0,248.0,200.0,89.0,75.0,,,
Pale gold,#E6BE8A,230.0,190.0,138.0,34.0,65.0,72.0,,,
Pale goldenrod,#EEE8AA,238.0,232.0,170.0,55.0,67.0,80.0,,,
Pale green,#98FB98,152.0,251.0,152.0,120.0,93.0,79.0,,,
Pale lavender,#DCD0FF,220.0,208.0,255.0,255.0,100.0,91.0,,,
Pale magenta,#F984E5,249.0,132.0,229.0,310.0,91.0,75.0,,,
Pale magenta-pink,#FF99CC,255.0,153.0,204.0,330.0,100.0,80.0,,,
Pale pink,#FADADD,250.0,218.0,221.0,354.0,76.0,92.0,,,
Pale plum,#DDA0DD,221.0,160.0,221.0,300.0,47.0,75.0,,,
Pale red-violet,#DB7093,219.0,112.0,147.0,340.0,60.0,65.0,,,
Pale robin egg blue,#96DED1,150.0,222.0,209.0,169.0,52.0,73.0,,,
Pale silver,#C9C0BB,201.0,192.0,187.0,21.0,11.0,76.0,,,
Pale spring bud,#ECEBBD,236.0,235.0,189.0,59.0,55.0,83.0,,,
Pale taupe,#BC987E,188.0,152.0,126.0,25.0,32.0,62.0,,,
Pale turquoise,#AFEEEE,175.0,238.0,238.0,180.0,65.0,81.0,,,
Pale violet,#CC99FF,204.0,153.0,255.0,270.0,100.0,80.0,,,
Pale violet-red,#DB7093,219.0,112.0,147.0,340.0,60.0,65.0,,,
Palm Leaf,#6F9940,130.0,142.0,132.0,88.0,5.0,53.0,,,
Pansy purple,#78184A,120.0,24.0,74.0,329.0,67.0,28.0,,,
Paolo Veronese green,#009B7D,0.0,155.0,125.0,168.0,100.0,30.0,,,
Papaya whip,#FFEFD5,255.0,239.0,213.0,37.0,100.0,92.0,,,
Paradise pink,#E63E62,230.0,62.0,98.0,347.0,77.0,57.0,,,
Paris Green,#50C878,80.0,200.0,120.0,140.0,52.0,55.0,,,
Parrot Pink,#D998A0,217.0,152.0,160.0,353.0,46.0,72.0,,,
Pastel blue,#AEC6CF,174.0,198.0,207.0,196.0,26.0,75.0,,,
Pastel brown,#836953,130.0,105.0,83.0,28.0,22.0,42.0,,,
Pastel gray,#CFCFC4,207.0,207.0,196.0,60.0,10.0,79.0,,,
Pastel green,#77DD77,119.0,221.0,119.0,120.0,60.0,67.0,,,
Pastel magenta,#F49AC2,244.0,154.0,194.0,333.0,80.0,78.0,,,
Pastel orange,#FFB347,255.0,179.0,71.0,35.0,100.0,64.0,,,
Pastel pink,#DEA5A4,222.0,165.0,164.0,1.0,47.0,76.0,,,
Pastel purple,#B39EB5,179.0,158.0,181.0,295.0,13.0,66.0,,,
Pastel red,#FF6961,255.0,105.0,97.0,3.0,100.0,69.0,,,
Pastel violet,#CB99C9,203.0,153.0,201.0,302.0,32.0,70.0,,,
Pastel yellow,#FDFD96,253.0,253.0,150.0,60.0,96.0,79.0,,,
Patriarch,#800080,128.0,0.0,128.0,300.0,100.0,25.0,,,
Payne's grey,#536878,83.0,104.0,120.0,206.0,18.0,40.0,,,
Peach,#FFE5B4,255.0,229.0,180.0,39.0,100.0,85.0,,,
Peach,#FFCBA4,255.0,203.0,164.0,26.0,100.0,82.0,,,
Peach-orange,#FFCC99,255.0,204.0,153.0,30.0,100.0,80.0,,,
Peach puff,#FFDAB9,255.0,218.0,185.0,28.0,100.0,86.0,,,
Peach-yellow,#FADFAD,250.0,223.0,173.0,39.0,89.0,83.0,,,
Pear,#D1E231,209.0,226.0,49.0,66.0,75.0,54.0,,,
Pearl,#EAE0C8,234.0,224.0,200.0,42.0,45.0,85.0,,,
Pearl Aqua,#88D8C0,136.0,216.0,192.0,162.0,51.0,69.0,,,
Pearly purple,#B768A2,183.0,104.0,162.0,316.0,35.0,56.0,,,
Peridot,#E6E200,230.0,226.0,0.0,59.0,100.0,45.0,,,
Periwinkle,#CCCCFF,204.0,204.0,255.0,240.0,100.0,90.0,,,
Permanent Geranium Lake,#E12C2C,225.0,44.0,44.0,0.0,75.0,53.0,,,
Persian blue,#1C39BB,28.0,57.0,187.0,229.0,74.0,42.0,,,
Persian green,#00A693,0.0,166.0,147.0,173.0,100.0,33.0,,,
Persian indigo,#32127A,50.0,,122.0,258.0,74.0,27.0,,,
Persian orange,#D99058,217.0,144.0,88.0,26.0,63.0,60.0,,,
Persian pink,#F77FBE,247.0,127.0,190.0,329.0,88.0,73.0,,,
Persian plum,#701C1C,112.0,28.0,28.0,0.0,60.0,27.0,,,
Persian red,#CC3333,204.0,51.0,51.0,0.0,60.0,50.0,,,
Persian rose,#FE28A2,254.0,40.0,162.0,326.0,99.0,58.0,,,
Persimmon,#EC5800,236.0,88.0,0.0,22.0,100.0,46.0,,,
Peru,#CD853F,205.0,133.0,63.0,30.0,59.0,53.0,,,
Pewter Blue,#8BA8B7,139.0,168.0,183.0,200.0,23.0,63.0,,,
Phlox,#DF00FF,223.0,0.0,255.0,292.0,100.0,50.0,,,
Phthalo blue,#000F89,0.0,15.0,137.0,233.0,100.0,27.0,,,
Phthalo green,#123524,18.0,53.0,36.0,151.0,49.0,14.0,,,
Picton blue,#45B1E8,69.0,177.0,232.0,200.0,78.0,59.0,,,
Pictorial carmine,#C30B4E,195.0,11.0,78.0,338.0,89.0,40.0,,,
Piggy pink,#FDDDE6,253.0,221.0,230.0,343.0,89.0,93.0,,,
Pine green,#01796F,1.0,121.0,111.0,175.0,,24.0,,,
Pineapple,#563C5C,86.0,60.0,13.0,289.0,74.0,19.0,,,
Pink,#FFC0CB,255.0,192.0,203.0,350.0,100.0,88.0,,,
Pink (Pantone),#D74894,215.0,72.0,148.0,328.0,64.0,56.0,,,
Pink Flamingo,#FC74FD,252.0,116.0,253.0,300.0,97.0,72.0,,,
Pink lace,#FFDDF4,255.0,221.0,244.0,319.0,100.0,93.0,,,
Pink lavender,#D8B2D1,216.0,178.0,209.0,311.0,33.0,77.0,,,
Pink-orange,#FF9966,255.0,153.0,102.0,20.0,100.0,70.0,,,
Pink pearl,#E7ACCF,231.0,172.0,207.0,324.0,55.0,79.0,,,
Pink raspberry,#980036,152.0,0.0,54.0,339.0,100.0,30.0,,,
Pink Sherbet,#F78FA7,247.0,143.0,167.0,346.0,87.0,76.0,,,
Pistachio,#93C572,147.0,197.0,114.0,96.0,42.0,61.0,,,
Pixie Powder,#391285,57.0,18.0,133.0,260.0,76.0,30.0,,,
Platinum,#E5E4E2,229.0,228.0,226.0,40.0,5.0,89.0,,,
Plum,#8E4585,142.0,69.0,133.0,307.0,35.0,41.0,,,
Plum (web),#DDA0DD,221.0,160.0,221.0,300.0,47.0,75.0,,,
Plump Purple,#5946B2,89.0,70.0,178.0,251.0,44.0,49.0,,,
Polished Pine,#5DA493,93.0,164.0,147.0,166.0,28.0,50.0,,,
Pomp and Power,#86608E,134.0,96.0,142.0,290.0,19.0,47.0,,,
Popstar,#BE4F62,190.0,79.0,98.0,350.0,46.0,53.0,,,
Portland Orange,#FF5A36,255.0,90.0,54.0,11.0,100.0,61.0,,,
Powder blue,#B0E0E6,176.0,224.0,230.0,187.0,52.0,80.0,,,
Princess Perfume,#FF85CF,255.0,133.0,207.0,324.0,100.0,76.0,,,
Princeton orange,#F58025,245.0,128.0,37.0,26.0,91.0,55.0,,,
Prune,#701C1C,112.0,28.0,28.0,0.0,60.0,27.0,,,
Prussian blue,#003153,0.0,49.0,83.0,205.0,100.0,16.0,,,
Psychedelic purple,#DF00FF,223.0,0.0,255.0,292.0,100.0,50.0,,,
Puce,#CC8899,204.0,136.0,153.0,345.0,40.0,67.0,,,
Puce red,#722F37,114.0,47.0,55.0,353.0,42.0,32.0,,,
Pullman Brown (UPS Brown),#644117,100.0,65.0,23.0,33.0,63.0,24.0,,,
Pullman Green,#3B331C,59.0,51.0,28.0,45.0,36.0,17.0,,,
Pumpkin,#FF7518,255.0,117.0,24.0,24.0,100.0,55.0,,,
Purple (HTML),#800080,128.0,0.0,128.0,300.0,100.0,25.0,,,
Purple (Munsell),#9F00C5,159.0,0.0,197.0,288.0,100.0,39.0,,,
Purple (X11),#A020F0,160.0,32.0,240.0,277.0,87.0,53.0,,,
Purple Heart,#69359C,105.0,53.0,156.0,270.0,49.0,41.0,,,
Purple mountain majesty,#9678B6,150.0,120.0,182.0,269.0,30.0,59.0,,,
Purple navy,#4E5180,78.0,81.0,128.0,236.0,24.0,40.0,,,
Purple pizzazz,#FE4EDA,254.0,78.0,218.0,,99.0,65.0,,,
Purple Plum,#9C51B6,156.0,81.0,182.0,285.0,41.0,52.0,,,
Purple taupe,#50404D,80.0,64.0,77.0,311.0,11.0,28.0,,,
Purpureus,#9A4EAE,154.0,78.0,174.0,288.0,38.0,49.0,,,
Quartz,#51484F,81.0,72.0,79.0,313.0,6.0,30.0,,,
Queen blue,#436B95,67.0,107.0,149.0,211.0,38.0,42.0,,,
Queen pink,#E8CCD7,232.0,204.0,215.0,336.0,38.0,85.0,,,
Quick Silver,#A6A6A6,166.0,166.0,166.0,0.0,0.0,65.0,,,
Quinacridone magenta,#8E3A59,142.0,58.0,89.0,338.0,42.0,39.0,,,
Rackley,#5D8AA8,93.0,138.0,168.0,204.0,30.0,51.0,,,
Radical Red,#FF355E,255.0,53.0,94.0,348.0,100.0,60.0,,,
Raisin black,#242124,36.0,33.0,36.0,300.0,4.0,14.0,,,
Rajah,#FBAB60,251.0,171.0,96.0,29.0,95.0,68.0,,,
Raspberry,#E30B5D,227.0,11.0,92.0,337.0,91.0,47.0,,,
Raspberry glace,#915F6D,145.0,95.0,109.0,343.0,21.0,47.0,,,
Raspberry pink,#E25098,226.0,80.0,152.0,330.0,72.0,60.0,,,
Raspberry rose,#B3446C,179.0,68.0,108.0,338.0,45.0,48.0,,,
Raw Sienna,#D68A59,214.0,138.0,89.0,24.0,60.0,59.0,,,
Raw umber,#826644,130.0,102.0,68.0,33.0,31.0,39.0,,,
Razzle dazzle rose,#FF33CC,255.0,51.0,204.0,315.0,100.0,60.0,,,
Razzmatazz,#E3256B,227.0,37.0,107.0,338.0,77.0,52.0,,,
Razzmic Berry,#8D4E85,141.0,78.0,133.0,308.0,29.0,43.0,,,
Rebecca Purple,#663399,102.0,52.0,153.0,270.0,49.0,40.0,,,
Red,#FF0000,255.0,0.0,0.0,0.0,100.0,50.0,,,
Red (Crayola),#EE204D,238.0,32.0,77.0,347.0,86.0,53.0,,,
Red (Munsell),#F2003C,242.0,0.0,60.0,345.0,100.0,47.0,,,
Red (NCS),#C40233,196.0,2.0,51.0,345.0,98.0,39.0,,,
Red (Pantone),#ED2939,237.0,41.0,57.0,355.0,84.0,55.0,,,
Red (pigment),#ED1C24,237.0,28.0,36.0,358.0,85.0,52.0,,,
Red (RYB),#FE2712,254.0,39.0,18.0,5.0,99.0,53.0,,,
Red-brown,#A52A2A,165.0,42.0,42.0,0.0,59.0,41.0,,,
Red devil,#860111,134.0,1.0,17.0,353.0,99.0,26.0,,,
Red-orange,#FF5349,255.0,83.0,73.0,3.0,100.0,64.0,,,
Red-purple,#E40078,228.0,0.0,120.0,328.0,100.0,45.0,,,
Red Salsa,#FD3A4A,253.0,58.0,74.0,355.0,98.0,61.0,,,
Red-violet,#C71585,199.0,21.0,133.0,322.0,81.0,43.0,,,
Redwood,#A45A52,164.0,90.0,82.0,6.0,33.0,48.0,,,
Regalia,#522D80,82.0,45.0,128.0,267.0,48.0,34.0,,,
Registration black,#000000,0.0,0.0,0.0,0.0,0.0,0.0,,,
Resolution blue,#002387,0.0,35.0,135.0,224.0,100.0,26.0,,,
Rhythm,#777696,119.0,118.0,150.0,242.0,13.0,53.0,,,
Rich black,#004040,0.0,64.0,64.0,180.0,100.0,13.0,,,
Rich black (FOGRA29),#010B13,1.0,11.0,19.0,207.0,90.0,4.0,,,
Rich black (FOGRA39),#010203,1.0,2.0,3.0,210.0,50.0,1.0,,,
Rich brilliant lavender,#F1A7FE,241.0,167.0,254.0,291.0,98.0,83.0,,,
Rich carmine,#D70040,215.0,0.0,64.0,342.0,100.0,42.0,,,
Rich electric blue,#0892D0,8.0,146.0,208.0,199.0,93.0,42.0,,,
Rich lavender,#A76BCF,,107.0,207.0,276.0,51.0,62.0,,,
Rich lilac,#B666D2,182.0,102.0,210.0,284.0,,61.0,,,
Rich maroon,#B03060,176.0,48.0,96.0,338.0,57.0,44.0,,,
Rifle green,#444C38,68.0,76.0,56.0,84.0,15.0,26.0,,,
Roast coffee,#704241,112.0,66.0,65.0,1.0,27.0,35.0,,,
Robin egg blue,#00CCCC,0.0,204.0,204.0,180.0,100.0,40.0,,,
Rocket metallic,#8A7F80,138.0,127.0,128.0,355.0,4.0,52.0,,,
Roman silver,#838996,131.0,137.0,150.0,221.0,8.0,55.0,,,
Rose,#FF007F,255.0,0.0,127.0,330.0,100.0,50.0,,,
Rose bonbon,#F9429E,249.0,66.0,158.0,330.0,94.0,62.0,,,
Rose Dust,#9E5E6F,158.0,94.0,111.0,344.0,25.0,49.0,,,
Rose ebony,#674846,103.0,72.0,70.0,4.0,19.0,34.0,,,
Rose gold,#B76E79,183.0,110.0,121.0,351.0,34.0,57.0,,,
Rose madder,#E32636,227.0,38.0,54.0,355.0,77.0,52.0,,,
Rose pink,#FF66CC,255.0,102.0,204.0,320.0,100.0,70.0,,,
Rose quartz,#AA98A9,170.0,152.0,169.0,303.0,10.0,63.0,,,
Rose red,#C21E56,194.0,30.0,86.0,340.0,73.0,44.0,,,
Rose taupe,#905D5D,144.0,93.0,93.0,0.0,22.0,46.0,,,
Rose vale,#AB4E52,171.0,78.0,82.0,357.0,37.0,49.0,,,
Rosewood,#65000B,101.0,0.0,11.0,353.0,100.0,20.0,,,
Rosso corsa,#D40000,212.0,0.0,0.0,0.0,100.0,42.0,,,
Rosy brown,#BC8F8F,188.0,143.0,143.0,0.0,25.0,65.0,,,
Royal azure,#0038A8,0.0,56.0,168.0,220.0,100.0,33.0,,,
Royal blue,#002366,0.0,35.0,102.0,219.0,100.0,20.0,,,
Royal blue,#4169E1,65.0,105.0,225.0,225.0,73.0,57.0,,,
Royal fuchsia,#CA2C92,202.0,44.0,146.0,321.0,64.0,48.0,,,
Royal purple,#7851A9,120.0,81.0,169.0,267.0,35.0,49.0,,,
Royal yellow,#FADA5E,250.0,218.0,94.0,48.0,94.0,67.0,,,
Ruber,#CE4676,206.0,70.0,118.0,339.0,58.0,54.0,,,
Rubine red,#D10056,209.0,0.0,86.0,335.0,100.0,41.0,,,
Ruby,#E0115F,224.0,17.0,95.0,337.0,86.0,47.0,,,
Ruby red,#9B111E,155.0,17.0,30.0,354.0,80.0,34.0,,,
Ruddy,#FF0028,255.0,0.0,40.0,351.0,100.0,50.0,,,
Ruddy brown,#BB6528,187.0,101.0,40.0,25.0,65.0,45.0,,,
Ruddy pink,#E18E96,225.0,142.0,150.0,354.0,58.0,72.0,,,
Rufous,#A81C07,168.0,28.0,7.0,8.0,92.0,34.0,,,
Russet,#80461B,128.0,70.0,27.0,26.0,65.0,30.0,,,
Russian green,#679267,103.0,146.0,103.0,120.0,17.0,49.0,,,
Russian violet,#32174D,50.0,23.0,77.0,270.0,54.0,20.0,,,
Rust,#B7410E,183.0,65.0,14.0,18.0,86.0,39.0,,,
Rusty red,#DA2C43,218.0,44.0,67.0,352.0,70.0,51.0,,,
Sacramento State green,#00563F,0.0,86.0,63.0,164.0,100.0,17.0,,,
Saddle brown,#8B4513,139.0,69.0,19.0,25.0,76.0,31.0,,,
Safety orange,#FF7800,255.0,120.0,0.0,28.0,100.0,50.0,,,
Safety orange (blaze orange),#FF6700,255.0,103.0,0.0,24.0,100.0,50.0,,,
Safety yellow,#EED202,238.0,210.0,2.0,53.0,98.0,47.0,,,
Saffron,#F4C430,244.0,196.0,48.0,45.0,90.0,57.0,,,
Sage,#BCB88A,188.0,184.0,138.0,55.0,27.0,64.0,,,
St. Patrick's blue,#23297A,35.0,41.0,122.0,236.0,55.0,31.0,,,
Salmon,#FA8072,250.0,128.0,114.0,6.0,93.0,71.0,,,
Salmon pink,#FF91A4,255.0,145.0,164.0,350.0,100.0,78.0,,,
Sand,#C2B280,194.0,178.0,128.0,45.0,35.0,63.0,,,
Sand dune,#967117,150.0,113.0,23.0,43.0,73.0,34.0,,,
Sandstorm,#ECD540,236.0,213.0,64.0,52.0,82.0,59.0,,,
Sandy brown,#F4A460,244.0,164.0,96.0,28.0,87.0,67.0,,,
Sandy Tan,#FDD9B5,253.0,217.0,181.0,30.0,95.0,85.0,,,
Sandy taupe,#967117,150.0,113.0,23.0,43.0,73.0,34.0,,,
Sangria,#92000A,146.0,0.0,10.0,356.0,100.0,29.0,,,
Sap green,#507D2A,80.0,125.0,42.0,93.0,50.0,33.0,,,
Sapphire,#0F52BA,15.0,82.0,186.0,216.0,85.0,39.0,,,
Sapphire blue,#0067A5,0.0,103.0,165.0,203.0,100.0,32.0,,,
Sasquatch Socks,#FF4681,255.0,70.0,129.0,341.0,100.0,64.0,,,
Satin sheen gold,#CBA135,203.0,161.0,53.0,43.0,59.0,50.0,,,
Scarlet,#FF2400,255.0,36.0,0.0,8.0,100.0,50.0,,,
Scarlet,#FD0E35,253.0,14.0,53.0,350.0,98.0,52.0,,,
Schauss pink,#FF91AF,255.0,145.0,175.0,344.0,100.0,78.0,,,
School bus yellow,#FFD800,255.0,216.0,0.0,51.0,100.0,50.0,,,
Screamin' Green,#66FF66,102.0,255.0,102.0,120.0,100.0,70.0,,,
Sea blue,#006994,0.0,105.0,148.0,197.0,100.0,29.0,,,
Sea Foam Green,#9FE2BF,195.0,226.0,191.0,149.0,38.0,82.0,,,
Sea green,#2E8B57,46.0,139.0,87.0,146.0,50.0,36.0,,,
Sea Serpent,#4BC7CF,75.0,199.0,207.0,184.0,58.0,55.0,,,
Seal brown,#59260B,50.0,20.0,20.0,0.0,43.0,14.0,,,
Seashell,#FFF5EE,255.0,245.0,238.0,25.0,100.0,97.0,,,
Selective yellow,#FFBA00,255.0,186.0,0.0,44.0,100.0,50.0,,,
Sepia,#704214,112.0,66.0,20.0,30.0,70.0,26.0,,,
Shadow,#8A795D,138.0,121.0,93.0,37.0,19.0,45.0,,,
Shadow blue,#778BA5,119.0,139.0,165.0,214.0,20.0,56.0,,,
Shampoo,#FFCFF1,255.0,207.0,241.0,318.0,100.0,91.0,,,
Shamrock green,#009E60,0.0,158.0,96.0,156.0,100.0,31.0,,,
Sheen Green,#8FD400,143.0,212.0,0.0,80.0,100.0,42.0,,,
Shimmering Blush,#D98695,217.0,134.0,149.0,349.0,52.0,69.0,,,
Shiny Shamrock,#5FA778,95.0,167.0,120.0,141.0,29.0,51.0,,,
Shocking pink,#FC0FC0,252.0,15.0,192.0,315.0,98.0,52.0,,,
Shocking pink (Crayola),#FF6FFF,255.0,111.0,255.0,300.0,100.0,72.0,,,
Sienna,#882D17,136.0,45.0,23.0,12.0,71.0,31.0,,,
Silver,#C0C0C0,192.0,192.0,192.0,0.0,0.0,75.0,,,
Silver chalice,#ACACAC,172.0,172.0,172.0,0.0,0.0,67.0,,,
Silver Lake blue,#5D89BA,93.0,137.0,186.0,212.0,40.0,55.0,,,
Silver pink,#C4AEAD,196.0,174.0,173.0,3.0,16.0,72.0,,,
Silver sand,#BFC1C2,191.0,193.0,194.0,200.0,2.0,75.0,,,
Sinopia,#CB410B,203.0,65.0,11.0,17.0,90.0,42.0,,,
Sizzling Red,#FF3855,255.0,56.0,85.0,351.0,100.0,61.0,,,
Sizzling Sunrise,#FFDB00,,219.0,0.0,52.0,100.0,50.0,,,
Skobeloff,#007474,0.0,116.0,116.0,180.0,100.0,23.0,,,
Sky blue,#87CEEB,135.0,206.0,235.0,197.0,71.0,73.0,,,
Sky magenta,#CF71AF,207.0,113.0,175.0,320.0,49.0,63.0,,,
Slate blue,#6A5ACD,106.0,90.0,205.0,248.0,53.0,58.0,,,
Slate gray,#708090,112.0,128.0,144.0,210.0,13.0,50.0,,,
Smalt (Dark powder blue),#003399,0.0,51.0,153.0,220.0,100.0,30.0,,,
Slimy Green,#299617,41.0,150.0,23.0,111.0,73.0,34.0,,,
Smashed Pumpkin,#FF6D3A,255.0,109.0,58.0,16.0,100.0,61.0,,,
Smitten,#C84186,200.0,65.0,134.0,329.0,55.0,52.0,,,
Smoke,#738276,115.0,130.0,118.0,132.0,6.0,48.0,,,
Smokey Topaz,#832A0D,131.0,42.0,34.0,15.0,59.0,32.0,,,
Smoky black,#100C08,16.0,12.0,8.0,30.0,33.0,5.0,,,
Smoky Topaz,#933D41,147.0,61.0,65.0,357.0,41.0,41.0,,,
Snow,#FFFAFA,255.0,250.0,250.0,0.0,100.0,99.0,,,
Soap,#CEC8EF,206.0,200.0,239.0,249.0,55.0,86.0,,,
Solid pink,#893843,137.0,56.0,67.0,352.0,42.0,38.0,,,
Sonic silver,#757575,117.0,117.0,117.0,0.0,0.0,46.0,,,
Spartan Crimson,#9E1316,158.0,19.0,22.0,359.0,79.0,35.0,,,
Space cadet,#1D2951,29.0,41.0,81.0,226.0,47.0,22.0,,,
Spanish bistre,#807532,128.0,117.0,50.0,52.0,44.0,35.0,,,
Spanish blue,#0070B8,0.0,112.0,184.0,203.0,100.0,36.0,,,
Spanish carmine,#D10047,209.0,0.0,71.0,340.0,100.0,41.0,,,
Spanish crimson,#E51A4C,229.0,26.0,76.0,345.0,80.0,50.0,,,
Spanish gray,#989898,152.0,152.0,152.0,0.0,0.0,60.0,,,
Spanish green,#009150,0.0,145.0,80.0,153.0,100.0,28.0,,,
Spanish orange,#E86100,232.0,97.0,0.0,25.0,100.0,45.0,,,
Spanish pink,#F7BFBE,247.0,191.0,190.0,1.0,78.0,86.0,,,
Spanish red,#E60026,230.0,0.0,38.0,350.0,100.0,45.0,,,
Spanish sky blue,#00FFFF,0.0,255.0,255.0,180.0,100.0,50.0,,,
Spanish violet,#4C2882,76.0,40.0,130.0,264.0,53.0,33.0,,,
Spanish viridian,#007F5C,0.0,127.0,92.0,163.0,100.0,25.0,,,
Spicy mix,#8B5f4D,139.0,95.0,77.0,17.0,29.0,42.0,,,
Spiro Disco Ball,#0FC0FC,15.0,192.0,252.0,195.0,98.0,52.0,,,
Spring bud,#A7FC00,167.0,252.0,0.0,80.0,100.0,49.0,,,
Spring Frost,#87FF2A,135.0,255.0,42.0,94.0,100.0,58.0,,,
Spring green,#00FF7F,0.0,255.0,127.0,150.0,100.0,50.0,,,
Star command blue,#007BB8,0.0,123.0,184.0,200.0,100.0,36.0,,,
Steel blue,#4682B4,70.0,130.0,180.0,207.0,44.0,49.0,,,
Steel pink,#CC33CC,204.0,51.0,204.0,300.0,60.0,50.0,,,
Steel Teal,#5F8A8B,95.0,138.0,139.0,181.0,19.0,46.0,,,
Stil de grain yellow,#FADA5E,250.0,218.0,94.0,48.0,94.0,67.0,,,
Stizza,#990000,153.0,0.0,0.0,0.0,100.0,30.0,,,
Stormcloud,#4F666A,79.0,102.0,106.0,189.0,15.0,36.0,,,
Straw,#E4D96F,228.0,217.0,111.0,54.0,68.0,66.0,,,
Strawberry,#FC5A8D,252.0,90.0,141.0,341.0,96.0,67.0,,,
Sugar Plum,#914E75,145.0,78.0,117.0,325.0,30.0,44.0,,,
Sunburnt Cyclops,#FF404C,255.0,64.0,76.0,356.0,100.0,63.0,,,
Sunglow,#FFCC33,255.0,204.0,51.0,45.0,100.0,60.0,,,
Sunny,#F2F27A,242.0,242.0,122.0,60.0,82.0,71.0,,,
Sunray,#E3AB57,227.0,171.0,87.0,36.0,71.0,62.0,,,
Sunset,#FAD6A5,250.0,214.0,165.0,35.0,89.0,81.0,,,
Sunset orange,#FD5E53,253.0,94.0,83.0,4.0,98.0,66.0,,,
Super pink,#CF6BA9,207.0,107.0,169.0,323.0,51.0,62.0,,,
Sweet Brown,#A83731,168.0,55.0,49.0,3.0,55.0,43.0,,,
Tan,#D2B48C,210.0,180.0,140.0,34.0,44.0,69.0,,,
Tangelo,#F94D00,249.0,77.0,0.0,19.0,100.0,49.0,,,
Tangerine,#F28500,242.0,,0.0,33.0,100.0,47.0,,,
Tangerine yellow,#FFCC00,255.0,204.0,0.0,48.0,100.0,50.0,,,
Tango pink,#E4717A,228.0,113.0,122.0,355.0,68.0,67.0,,,
Tart Orange,#FB4D46,251.0,77.0,70.0,2.0,96.0,63.0,,,
Taupe,#483C32,72.0,60.0,50.0,27.0,18.0,24.0,,,
Taupe gray,#8B8589,139.0,133.0,137.0,320.0,3.0,53.0,,,
Tea green,#D0F0C0,208.0,240.0,192.0,100.0,62.0,85.0,,,
Tea rose,#F88379,248.0,131.0,121.0,5.0,90.0,72.0,,,
Tea rose,#F4C2C2,244.0,194.0,194.0,0.0,69.0,86.0,,,
Teal,#008080,0.0,128.0,128.0,180.0,100.0,25.0,,,
Teal blue,#367588,54.0,117.0,136.0,194.0,43.0,37.0,,,
Teal deer,#99E6B3,153.0,230.0,179.0,140.0,61.0,75.0,,,
Teal green,#00827F,0.0,130.0,127.0,179.0,100.0,25.0,,,
Telemagenta,#CF3476,207.0,52.0,118.0,334.0,62.0,51.0,,,
Tenné (tawny),#CD5700,205.0,87.0,0.0,25.0,100.0,40.0,,,
Terra cotta,#E2725B,226.0,114.0,91.0,10.0,70.0,62.0,,,
Thistle,#D8BFD8,216.0,191.0,216.0,300.0,24.0,80.0,,,
Thulian pink,#DE6FA1,222.0,111.0,161.0,333.0,63.0,65.0,,,
Tickle Me Pink,#FC89AC,252.0,137.0,172.0,342.0,95.0,76.0,,,
Tiffany Blue,#0ABAB5,10.0,186.0,181.0,178.0,90.0,38.0,,,
Tiger's eye,#E08D3C,224.0,141.0,60.0,30.0,73.0,56.0,,,
Timberwolf,#DBD7D2,219.0,215.0,210.0,33.0,11.0,84.0,,,
Titanium yellow,#EEE600,238.0,230.0,0.0,58.0,100.0,47.0,,,
Tomato,#FF6347,255.0,99.0,71.0,9.0,100.0,64.0,,,
Toolbox,#746CC0,116.0,108.0,192.0,246.0,40.0,59.0,,,
Topaz,#FFC87C,255.0,200.0,124.0,35.0,100.0,74.0,,,
Tractor red,#FD0E35,253.0,14.0,53.0,350.0,98.0,52.0,,,
Trolley Grey,#808080,128.0,128.0,128.0,0.0,0.0,50.0,,,
Tropical rain forest,#00755E,0.0,117.0,94.0,168.0,100.0,23.0,,,
Tropical violet,#CDA4DE,205.0,164.0,222.0,282.0,47.0,76.0,,,
True Blue,#0073CF,0.0,115.0,207.0,207.0,100.0,41.0,,,
Tufts Blue,#3E8EDE,62.0,142.0,222.0,210.0,71.0,56.0,,,
Tulip,#FF878D,255.0,135.0,141.0,357.0,100.0,76.0,,,
Tumbleweed,#DEAA88,222.0,170.0,136.0,24.0,57.0,70.0,,,
Turkish rose,#B57281,181.0,114.0,129.0,347.0,31.0,58.0,,,
Turquoise,#40E0D0,64.0,224.0,208.0,174.0,72.0,56.0,,,
Turquoise blue,#00FFEF,0.0,255.0,239.0,176.0,100.0,50.0,,,
Turquoise green,#A0D6B4,160.0,214.0,180.0,142.0,40.0,73.0,,,
Turquoise Surf,#00C5CD,0.0,197.0,205.0,182.0,100.0,40.0,,,
Turtle green,#8A9A5B,138.0,154.0,91.0,75.0,26.0,48.0,,,
Tuscan,#FAD6A5,250.0,214.0,165.0,35.0,89.0,81.0,,,
Tuscan brown,#6F4E37,111.0,78.0,55.0,25.0,34.0,33.0,,,
Tuscan red,#7C4848,124.0,72.0,72.0,0.0,27.0,38.0,,,
Tuscan tan,#A67B5B,166.0,123.0,91.0,26.0,30.0,50.0,,,
Tuscany,#C09999,192.0,153.0,153.0,0.0,24.0,68.0,,,
Twilight lavender,#8A496B,138.0,73.0,107.0,329.0,31.0,41.0,,,
Tyrian purple,#66023C,102.0,2.0,60.0,325.0,96.0,20.0,,,
UA blue,#0033AA,0.0,51.0,170.0,222.0,100.0,33.0,,,
UA red,#D9004C,217.0,0.0,76.0,339.0,100.0,43.0,,,
Ube,#8878C3,136.0,120.0,195.0,253.0,39.0,62.0,,,
UCLA Blue,#536895,83.0,104.0,149.0,221.0,28.0,46.0,,,
UCLA Gold,#FFB300,255.0,179.0,0.0,42.0,100.0,50.0,,,
UFO Green,#3CD070,60.0,208.0,112.0,141.0,61.0,53.0,,,
Ultramarine,#3F00FF,18.0,10.0,143.0,244.0,87.0,30.0,,,
Ultramarine blue,#4166F5,65.0,102.0,245.0,228.0,90.0,61.0,,,
Ultra pink,#FF6FFF,255.0,111.0,255.0,300.0,100.0,72.0,,,
Ultra red,#FC6C85,252.0,108.0,133.0,350.0,96.0,71.0,,,
Umber,#635147,99.0,81.0,71.0,21.0,16.0,33.0,,,
Unbleached silk,#FFDDCA,255.0,221.0,202.0,22.0,100.0,90.0,,,
United Nations blue,#5B92E5,91.0,146.0,229.0,216.0,73.0,63.0,,,
University of California Gold,#B78727,183.0,135.0,39.0,40.0,65.0,44.0,,,
Unmellow yellow,#FFFF66,255.0,255.0,102.0,60.0,100.0,70.0,,,
UP Forest green,#014421,1.0,68.0,33.0,149.0,97.0,14.0,,,
UP Maroon,#7B1113,123.0,17.0,19.0,359.0,76.0,27.0,,,
Upsdell red,#AE2029,174.0,32.0,41.0,356.0,69.0,40.0,,,
Urobilin,#E1AD21,225.0,173.0,33.0,44.0,76.0,51.0,,,
USAFA blue,#004F98,0.0,79.0,152.0,209.0,100.0,30.0,,,
USC Cardinal,#990000,153.0,0.0,0.0,0.0,100.0,30.0,,,
USC Gold,#FFCC00,255.0,204.0,0.0,48.0,100.0,50.0,,,
University of Tennessee Orange,#F77F00,247.0,127.0,0.0,31.0,100.0,48.0,,,
Utah Crimson,#D3003F,211.0,0.0,63.0,342.0,100.0,41.0,,,
Van Dyke Brown,#664228,102.0,66.0,40.0,25.0,44.0,28.0,,,
Vanilla,#F3E5AB,243.0,229.0,171.0,48.0,75.0,81.0,,,
Vanilla ice,#F38FA9,243.0,143.0,169.0,344.0,81.0,76.0,,,
Vegas gold,#C5B358,197.0,179.0,88.0,50.0,48.0,56.0,,,
Venetian red,#C80815,200.0,8.0,21.0,356.0,92.0,41.0,,,
Verdigris,#43B3AE,67.0,179.0,174.0,177.0,46.0,48.0,,,
Vermilion,#E34234,227.0,66.0,52.0,5.0,76.0,55.0,,,
Vermilion,#D9381E,217.0,56.0,30.0,8.0,76.0,48.0,,,
Veronica,#A020F0,160.0,32.0,240.0,277.0,87.0,53.0,,,
Very light azure,#74BBFB,116.0,187.0,251.0,208.0,94.0,72.0,,,
Very light blue,#6666FF,102.0,102.0,255.0,240.0,100.0,70.0,,,
Very light malachite green,#64E986,100.0,233.0,134.0,135.0,75.0,65.0,,,
Very light tangelo,#FFB077,255.0,176.0,119.0,25.0,100.0,73.0,,,
Very pale orange,#FFDFBF,255.0,223.0,191.0,30.0,100.0,88.0,,,
Very pale yellow,#FFFFBF,255.0,255.0,191.0,60.0,100.0,88.0,,,
Violet,#8F00FF,143.0,0.0,255.0,274.0,100.0,50.0,,,
Violet (color wheel),#7F00FF,127.0,0.0,255.0,270.0,100.0,50.0,,,
Violet (RYB),#8601AF,134.0,1.0,175.0,286.0,99.0,35.0,,,
Violet (web),#EE82EE,238.0,130.0,238.0,300.0,76.0,72.0,,,
Violet-blue,#324AB2,50.0,74.0,178.0,229.0,56.0,45.0,,,
Violet-red,#F75394,247.0,83.0,148.0,336.0,91.0,65.0,,,
Viridian,#40826D,64.0,130.0,109.0,161.0,34.0,38.0,,,
Viridian green,#009698,0.0,150.0,152.0,181.0,100.0,30.0,,,
Vista blue,#7C9ED9,124.0,158.0,217.0,218.0,55.0,67.0,,,
Vivid amber,#CC9900,204.0,153.0,0.0,45.0,100.0,40.0,,,
Vivid auburn,#922724,146.0,39.0,36.0,2.0,60.0,36.0,,,
Vivid burgundy,#9F1D35,159.0,29.0,53.0,349.0,69.0,37.0,,,
Vivid cerise,#DA1D81,218.0,29.0,129.0,328.0,77.0,48.0,,,
Vivid cerulean,#00AAEE,0.0,170.0,238.0,197.0,100.0,47.0,,,
Vivid crimson,#CC0033,204.0,0.0,51.0,345.0,100.0,40.0,,,
Vivid gamboge,#FF9900,255.0,153.0,0.0,36.0,100.0,50.0,,,
Vivid lime green,#A6D608,166.0,214.0,8.0,74.0,93.0,44.0,,,
Vivid malachite,#00CC33,0.0,204.0,51.0,135.0,100.0,40.0,,,
Vivid mulberry,#B80CE3,184.0,12.0,227.0,288.0,90.0,47.0,,,
Vivid orange,#FF5F00,255.0,95.0,0.0,22.0,100.0,50.0,,,
Vivid orange peel,#FFA000,255.0,160.0,0.0,18.0,100.0,50.0,,,
Vivid orchid,#CC00FF,204.0,0.0,255.0,288.0,100.0,50.0,,,
Vivid raspberry,#FF006C,255.0,0.0,108.0,335.0,,50.0,,,
Vivid red,#F70D1A,247.0,13.0,26.0,357.0,94.0,51.0,,,
Vivid red-tangelo,#DF6124,223.0,97.0,36.0,20.0,75.0,51.0,,,
Vivid sky blue,#00CCFF,0.0,204.0,255.0,192.0,100.0,50.0,,,
Vivid tangelo,#F07427,240.0,116.0,39.0,23.0,87.0,55.0,,,
Vivid tangerine,#FFA089,255.0,160.0,137.0,12.0,100.0,77.0,,,
Vivid vermilion,#E56024,229.0,96.0,36.0,19.0,79.0,52.0,,,
Vivid violet,#9F00FF,159.0,0.0,255.0,277.0,100.0,50.0,,,
Vivid yellow,#FFE302,255.0,227.0,2.0,53.0,100.0,50.0,,,
Volt,#CEFF00,205.0,255.0,0.0,72.0,100.0,50.0,,,
Wageningen Green,#34B233,52.0,178.0,51.0,120.0,56.0,45.0,,,
Warm black,#004242,0.0,66.0,66.0,180.0,100.0,13.0,,,
Waterspout,#A4F4F9,164.0,244.0,249.0,184.0,88.0,81.0,,,
Weldon Blue,#7C98AB,124.0,152.0,171.0,204.0,22.0,58.0,,,
Wenge,#645452,100.0,84.0,82.0,7.0,10.0,36.0,,,
Wheat,#F5DEB3,245.0,222.0,,39.0,77.0,83.0,,,
White,#FFFFFF,255.0,255.0,255.0,0.0,0.0,100.0,,,
White smoke,#F5F5F5,245.0,245.0,245.0,0.0,0.0,96.0,,,
Wild blue yonder,#A2ADD0,162.0,173.0,208.0,226.0,33.0,73.0,,,
Wild orchid,#D470A2,212.0,112.0,162.0,330.0,54.0,64.0,,,
Wild Strawberry,#FF43A4,255.0,67.0,164.0,329.0,100.0,63.0,,,
Wild watermelon,#FC6C85,252.0,108.0,133.0,350.0,96.0,71.0,,,
Willpower orange,#FD5800,253.0,88.0,0.0,21.0,100.0,50.0,,,
Windsor tan,#A75502,167.0,85.0,2.0,30.0,98.0,33.0,,,
Wine,#722F37,114.0,47.0,55.0,353.0,42.0,32.0,,,
Wine dregs,#673147,103.0,49.0,71.0,336.0,36.0,30.0,,,
Winter Sky,#FF007C,255.0,0.0,124.0,331.0,100.0,50.0,,,
Winter Wizard,#A0E6FF,160.0,230.0,255.0,196.0,100.0,81.0,,,
Wintergreen Dream,#56887D,86.0,136.0,125.0,167.0,23.0,44.0,,,
Wisteria,#C9A0DC,201.0,160.0,220.0,281.0,46.0,75.0,,,
Wood brown,#C19A6B,193.0,154.0,107.0,33.0,41.0,59.0,,,
Xanadu,#738678,115.0,134.0,120.0,136.0,8.0,49.0,,,
Yale Blue,#0F4D92,15.0,77.0,146.0,212.0,81.0,32.0,,,
Yankees blue,#1C2841,28.0,40.0,65.0,221.0,40.0,18.0,,,
Yellow,#FFFF00,255.0,255.0,0.0,60.0,100.0,50.0,,,
Yellow (Crayola),#FCE883,252.0,232.0,131.0,50.0,95.0,75.0,,,
Yellow (Munsell),#EFCC00,239.0,204.0,0.0,51.0,100.0,47.0,,,
Yellow (NCS),#FFD300,255.0,211.0,0.0,50.0,100.0,50.0,,,
Yellow (Pantone),#FEDF00,254.0,223.0,0.0,53.0,100.0,50.0,,,
Yellow (process),#FFEF00,255.0,239.0,0.0,56.0,100.0,50.0,,,
Yellow (RYB),#FEFE33,254.0,254.0,51.0,60.0,99.0,60.0,,,
Yellow-green,#9ACD32,154.0,205.0,50.0,80.0,61.0,50.0,,,
Yellow Orange,#FFAE42,255.0,174.0,66.0,34.0,100.0,63.0,,,
Yellow rose,#FFF000,255.0,240.0,0.0,56.0,100.0,50.0,,,
Yellow Sunshine,#FFF700,255.0,247.0,0.0,58.0,100.0,50.0,,,
Zaffre,#0014A8,0.0,20.0,168.0,233.0,100.0,33.0,,,
Zinnwaldite brown,#2C1608,44.0,22.0,8.0,23.0,69.0,10.0,,,
Zomp,#39A78E,57.0,167.0,142.0,166.0,49.0,44.0,,,
